CRASH_ID,SER_NO,CRASH_DT,CRASH_MO_NO,CRASH_DAY_NO,CRASH_YR_NO,CRASH_WK_DAY_CD,CRASH_HR_NO,CRASH_HR_SHORT_DESC,CNTY_ID,CNTY_NM,CITY_SECT_ID,CITY_SECT_NM,URB_AREA_CD,URB_AREA_SHORT_NM,FC_CD,FC_SHORT_DESC,NHS_FLG,HWY_NO,HWY_SFX_NO,HWY_MED_NM,RDWY_NO,HWY_COMPNT_CD,HWY_COMPNT_SHORT_DESC,MLGE_TYP_CD,MLGE_TYP_SHORT_DESC,RD_CON_NO,LRS_VAL,LAT_DEG_NO,LAT_MINUTE_NO,LAT_SEC_NO,LONGTD_DEG_NO,LONGTD_MINUTE_NO,LONGTD_SEC_NO,SPECL_JRSDCT_ID,SPECL_JRSDCT_SHORT_DESC,JRSDCT_GRP_CD,JRSDCT_GRP_SHORT_DESC,AGY_ST_NO,ST_FULL_NM,RECRE_RD_NM,ISECTG_AGY_ST_NO,ISECTG_ST_FULL_NM,ISECT_RECRE_RD_NM,FROM_ISECT_DSTNC_QTY,CMPSS_DIR_CD,MP_NO,POST_SPEED_LMT_VAL,RD_CHAR_CD,RD_CHAR_SHORT_DESC,OFF_RDWY_FLG,ISECT_TYP_CD,ISECT_TYP_SHORT_DESC,ISECT_REL_FLG,RNDABT_FLG,DRVWY_REL_FLG,LN_QTY,TURNG_LEG_QTY,MEDN_TYP_CD,MEDN_TYP_SHORT_DESC,IMPCT_LOC_CD,CRASH_TYP_CD,CRASH_TYP_SHORT_DESC,COLLIS_TYP_CD,COLLIS_TYP_SHORT_DESC,CRASH_SVRTY_CD,CRASH_SVRTY_SHORT_DESC,WTHR_COND_CD,WTHR_COND_SHORT_DESC,RD_SURF_COND_CD,RD_SURF_SHORT_DESC,LGT_COND_CD,LGT_COND_SHORT_DESC,TRAF_CNTL_DEVICE_CD,TRAF_CNTL_DEVICE_SHORT_DESC,TRAF_CNTL_FUNC_FLG,INVSTG_AGY_CD,INVSTG_AGY_SHORT_DESC,CRASH_EVNT_1_CD,CRASH_EVNT_1_SHORT_DESC,CRASH_EVNT_2_CD,CRASH_EVNT_2_SHORT_DESC,CRASH_EVNT_3_CD,CRASH_EVNT_3_SHORT_DESC,CRASH_CAUSE_1_CD,CRASH_CAUSE_1_SHORT_DESC,CRASH_CAUSE_2_CD,CRASH_CAUSE_2_SHORT_DESC,CRASH_CAUSE_3_CD,CRASH_CAUSE_3_SHORT_DESC,SCHL_ZONE_IND,WRK_ZONE_IND,ALCHL_INVLV_FLG,DRUG_INVLV_FLG,CRASH_SPEED_INVLV_FLG,CRASH_HIT_RUN_FLG,POP_RNG_CD,POP_RNG_MED_DESC,RD_CNTL_CD,RD_CNTL_MED_DESC,RTE_TYP_CD,RTE_ID,RTE_NM,CRASH_LAST_UD_DT,TOT_VHCL_CNT,TOT_FATAL_CNT,TOT_INJ_LVL_A_CNT,TOT_INJ_LVL_B_CNT,TOT_INJ_LVL_C_CNT,TOT_INJ_CNT,TOT_UNINJD_AGE00_04_CNT,TOT_UNINJD_PER_CNT,TOT_PED_CNT,TOT_PED_FATAL_CNT,TOT_PED_INJ_CNT,TOT_PEDCYCL_CNT,TOT_PEDCYCL_FATAL_CNT,TOT_PEDCYCL_INJ_CNT,TOT_UNKNWN_CNT,TOT_UNKNWN_FATAL_CNT,TOT_UNKNWN_INJ_CNT,TOT_OCCUP_CNT,TOT_PER_INVLV_CNT,TOT_SFTY_EQUIP_USED_QTY,TOT_SFTY_EQUIP_UNUSED_QTY,TOT_SFTY_EQUIP_USE_UNKNOWN_QTY,CL_NODE_ID,CL_SEGMENT_ID1,CL_SEGMENT_ID2,LH_INTERSEC_ID,LH_CRASHLOC_ID,LH_CRASHLOC_TYP,CL_STREET1,CL_STREET2,CRASH_X,CRASH_Y,ODOT_DIST,ODOT_COUNTY,IntLocM,CrashLocM,CrashXYM,AlwaysSkip,GeoUncertain,ODOT_DIST_NAME,ODOT_CNTY_NAME,SEG_MRK_ID,SEG_PT_LRS_MEAS,UNLOCT_FLG,ISECT_SEQ_NO,REG_ID,DIST_ID,LAT_DD,LONGTD_DD,TOT_PED_INJ_LVL_A_CNT,TOT_PEDCYCL_INJ_LVL_A_CNT,TOT_PSNGR_VHCL_OCC_UNRESTRND_FATAL_CNT,TOT_MCYCLST_FATAL_CNT,TOT_MCYCLST_INJ_LVL_A_CNT,TOT_MCYCLST_INJ_CNT,TOT_MCYCLST_UNHELMTD_FATAL_CNT,TOT_ALCHL_IMPAIRED_DRVR_INV_FATAL_CNT,TOT_DRVR_AGE_01_20_CNT,LANE_RDWY_DPRT_CRASH_FLG
1182890,86,1/4/06 0:00,1,4,2006,4,17,5P ,26,Multnomah,242,Portland N,57,PORTLAND UA    ,14,U PR-ART,0,,,,,,,,,,,,,,,,,,,,,267,BROADWAY ST,,2504,VANCOUVER AVE,,20,3,,,3,STRGHT  ,0,,,0,0,0,2,,0,NONE ,6,E,S-1STOP   ,3,REAR    ,5,PDO,1,CLR ,1,DRY ,2,DLIT,99,UNKNOWN   ,1,,,,,,,,,13,IMP LN C,,,,,,,0,0,0,0,9,,1,PORTLAND CITY STREET,,,,5/1/06 11:30,2,0,0,0,0,0,0,2,0,0,0,0,0,0,0,0,0,0,0,0,0,0,45161,,,00623Node45161,LEG6758,NODELEG,N BROADWAY ,N VANCOUVER AVE,7646719,688635,242,26,RT,AI,MD,0,0,,,,,,,,,,,,,,,,,,,,
1182905,109,1/1/06 0:00,1,1,2006,1,6,6A ,26,Multnomah,243,Portland NE,57,PORTLAND UA    ,11,U INTRST,1,64,  ,EAST PORTLAND FREEWAY,1,0,MN,0,R,,,,,,,,,,,,,745,EAST PORTLAND FY,,9726,,,,1,20.65,,3,STRGHT  ,0,,,0,0,0,6,,2,DIVMD,3,C,S-STRGHT  ,3,REAR    ,5,PDO,3,RAIN,2,WET ,3,DARK,99,UNKNOWN   ,1,,,,,,,,,7,TOO-CLOS,,,,,,,0,0,0,0,9,,2,PORTLAND HWY SYSTEM,,,,5/1/06 11:30,2,0,0,0,0,0,0,3,0,0,0,0,0,0,0,0,0,0,0,0,0,0,,,,,,,NE I205 FWY,,,,243,26,,,,0,0,,,,,,,,,,,,,,,,,,,,
1182906,114,1/1/06 0:00,1,1,2006,1,17,5P ,26,Multnomah,243,Portland NE,57,PORTLAND UA    ,11,U INTRST,1,2,  ,COLUMBIA RIVER,2,0,MN,0,R,,,,,,,,,,,,,305,BANFIELD FY,,9510,WB EX NE HOLLADY,,,7,1.02,,3,STRGHT  ,0,,,0,0,0,6,,1,RSDMD,8,I,O-1STOP   ,-,BACK    ,5,PDO,3,RAIN,2,WET ,3,DARK,99,UNKNOWN   ,1,3,CITY  ,,,,,,,7,TOO-CLOS,,,,,,,0,0,0,1,9,,2,PORTLAND HWY SYSTEM,,,,5/1/06 11:30,2,0,0,0,0,0,0,4,0,0,0,0,0,0,0,0,0,0,0,0,0,0,,,,01141NODE47774,LEG2593,NODELEG,NE I84 FWY,NE I84 FWY-HOLLADAY ST RAMP,7650586,686264,243,26,RT,RT,HN,0,0,,,,,,,,,,,,,,,,,,,,
1182908,120,1/1/06 0:00,1,1,2006,1,3,3A ,26,Multnomah,248,Portland W. Burnside,57,PORTLAND UA    ,16,U MN-ART,0,,,,,,,,,,,,,,,,,,,,,283,BURNSIDE ST,,1041,HERMOSA BLVD,,300,7,,,5,CURVE   ,0,,,0,0,0,2,,0,NONE ,7,E,S-1STOP   ,3,REAR    ,4,INJ,2,CLD ,2,WET ,2,DLIT,99,UNKNOWN   ,1,3,CITY  ,10,SUB OTRN  ,,,,,27,INATTENT,,,,,,,0,0,0,1,9,,1,PORTLAND CITY STREET,,,,5/1/06 11:30,2,0,0,0,1,1,0,1,0,0,0,0,0,0,0,0,0,0,0,0,0,0,50668,,,01495NODE50668,LEG76171,NODELEG,W BURNSIDE ST,HERMOSA BLVD,7634232,684300,248,26,RT,AI,MD,0,0,,,,,,,,,,,,,,,,,,,,
1182922,54,1/3/06 0:00,1,3,2006,3,18,6P ,26,Multnomah,245,Portland SE,57,PORTLAND UA    ,14,U PR-ART,0,26,  ,MT. HOOD,1,0,MN,0,R,,,,,,,,,,,,,1940,POWELL BLVD,,5028,  28TH AVE,,,3,2.1800001,,3,STRGHT  ,0,,,0,0,0,4,,0,NONE ,4,C,S-STRGHT  ,5,SS-O    ,5,PDO,1,CLR ,2,WET ,2,DLIT,99,UNKNOWN   ,1,,,,,,,,,10,OTHR-IMP,,,,,,,0,0,0,0,9,,2,PORTLAND HWY SYSTEM,,,,5/1/06 11:30,2,0,0,0,0,0,0,2,0,0,0,0,0,0,0,0,0,0,0,0,0,0,61707,,,01917Node61707,01917Node61707,INTERSEC,SE POWELL BLVD,SE 28TH AVE,7654061,674831,245,26,RT,AI,IC,0,0,,,,,,,,,,,,,,,,,,,,
1182923,55,1/3/06 0:00,1,3,2006,3,19,7P ,26,Multnomah,243,Portland NE,57,PORTLAND UA    ,14,U PR-ART,0,123,  ,NORTHEAST PORTLAND,1,0,MN,0,R,,,,,,,,,,,,,472,COLUMBIA BLVD,,1311,KILLINGSWORTH ST,,,7,10.87,,1,INTER   ,0,3,3-LEG  ,0,0,0,,0,,,6,E,S-1STOP   ,3,REAR    ,5,PDO,2,CLD ,2,WET ,2,DLIT,1,TRF SIGNAL,1,3,CITY  ,,,,,,,7,TOO-CLOS,,,,,,,0,0,0,1,9,"Over 200,000",2,PORTLAND HWY SYSTEM,,,,5/8/07 11:04,2,0,0,0,0,0,0,2,0,0,0,0,0,0,0,0,0,0,0,0,0,0,38049,,,04368Node38107,LEG30196,NODELEG,NE COLUMBIA BLVD,NE KILLINGSWORTH ST,7672419,697917,243,26,RT,AI,HN,0,0,,,,,,,,,,,,,,,,,,,,
1182900,99,1/4/06 0:00,1,4,2006,4,17,5P ,26,Multnomah,245,Portland SE,57,PORTLAND UA    ,16,U MN-ART,0,,,,,,,,,,,,,,,,,,,,,5122, 122ND,,0,,,150,1,,,3,STRGHT  ,0,,,0,0,0,3,,0,NONE ,7,I,O-1STOP   ,-,BACK    ,4,INJ,1,CLR ,1,DRY ,2,DLIT,90,L-TURN REF,1,,,,,,,,,10,OTHR-IMP,,,,,,,0,0,0,0,9,,1,PORTLAND CITY STREET,,,,5/1/06 11:30,2,0,0,0,1,1,0,1,0,0,0,0,0,0,0,0,0,0,0,0,0,0,,,,,,,SE 122ND AVE,,,,245,26,,,,0,0,,,,,,,,,,,,,,,,,,,,
1182902,101,1/4/06 0:00,1,4,2006,4,8,8A ,26,Multnomah,245,Portland SE,57,PORTLAND UA    ,17,U COLL  ,0,,,,,,,,,,,,,,,,,,,,,1019,HAROLD ST,,5101, 101ST AVE,,0,9,,,1,INTER   ,0,1,CROSS  ,0,0,0,,0,,,3,B,ANGL-OTH  ,1,ANGL    ,4,INJ,2,CLD ,2,WET ,1,DAY ,4,STOP SIGN ,1,3,CITY  ,82,VEH HID   ,,,,,2,NO-YIELD,11,MECH-DEF,,,,,0,0,0,0,9,,1,PORTLAND CITY STREET,,,,9/14/06 13:26,2,0,0,3,0,3,0,0,0,0,0,0,0,0,0,0,0,0,0,0,0,0,67229,,,04509Node67229,04509Node67229,INTERSEC,SE HAROLD ST,SE 101ST AVE,7673920,668766,245,26,RT,AI,IC,0,0,,,,,,,,,,,,,,,,,,,,
1182904,106,1/1/06 0:00,1,1,2006,1,15,3P ,26,Multnomah,249,Portland NW,57,PORTLAND UA    ,14,U PR-ART,1,92,  ,LOWER COLUMBIA RIVER,1,0,MN,0,R,,,,,,,,,,,,,2703,YEON AVE,,5026,  26TH AVE,,,3,2.4200001,,2,ALLEY   ,0,,,1,0,0,3,,0,NONE ,3,E,S-1STOP   ,3,REAR    ,4,INJ,1,CLR ,1,DRY ,1,DAY ,99,UNKNOWN   ,1,5,NO RPT,,,,,,,27,INATTENT,,,,,,,0,0,0,0,9,,2,PORTLAND HWY SYSTEM,,,,5/1/06 11:30,2,0,0,0,1,1,0,1,0,0,0,0,0,0,0,0,0,0,0,0,0,0,41471,,,02060Node41471,02060Node41471,INTERSEC,NW YEON AVE,NW 26TH AVE,7637003,692533,249,26,RT,AI,IC,0,0,,,,,,,,,,,,,,,,,,,,
1182909,121,1/1/06 0:00,1,1,2006,1,17,5P ,26,Multnomah,243,Portland NE,57,PORTLAND UA    ,11,U INTRST,1,1,  ,PACIFIC,2,0,MN,0,R,,,,,,,,,,,,,302,PACIFIC HY I-5,,9434,NB EX WEIDLER,,,5,302,,3,STRGHT  ,0,,,0,0,0,6,,1,RSDMD,3,C,S-STRGHT  ,3,REAR    ,5,PDO,3,RAIN,2,WET ,2,DLIT,99,UNKNOWN   ,1,5,NO RPT,,,,,,,7,TOO-CLOS,,,,,,,0,0,0,0,9,,2,PORTLAND HWY SYSTEM,,,,5/1/06 11:30,2,0,0,0,0,0,0,3,0,0,0,0,0,0,0,0,0,0,0,0,0,0,,,,00795NODE46563,LEG2128,NODELEG,NE I5 FWY,NE I5 FWY-WEIDLER ST RAMP,7647299,686488,243,26,RT,AI,HN,0,0,,,,,,,,,,,,,,,,,,,,
1182911,102,1/4/06 0:00,1,4,2006,4,3,3A ,26,Multnomah,249,Portland NW,57,PORTLAND UA    ,12,U FWY/XP,0,92,  ,LOWER COLUMBIA RIVER,1,6,CN,0,R,1,,,,,,,,,,,,9801,WB EX NW 23RD AV,,5023,  23RD AVE,,,2,1.74,,3,STRGHT  ,1,,,0,0,0,3,,0,NONE ,1,8,FIX OBJ   ,9,FIX     ,5,PDO,3,RAIN,2,WET ,2,DLIT,99,UNKNOWN   ,1,,,43,GARDRAIL  ,,,,,1,TOO-FAST,,,,,,,0,0,0,0,9,,2,PORTLAND HWY SYSTEM,,,,5/1/06 11:30,1,0,0,0,0,0,0,1,0,0,0,0,0,0,0,0,0,0,0,0,0,0,44150,,,01584NODE44150,01584NODE44150,INTERSEC,WB EX NW 23RD AV,NW 23RD AVE,7638742,689514,249,26,RT,AI,IC,0,0,,,,,,,,,,,,,,,,,,,,
1182927,59,1/3/06 0:00,1,3,2006,3,9,9A ,26,Multnomah,245,Portland SE,57,PORTLAND UA    ,17,U COLL  ,0,,,,,,,,,,,,,,,,,,,,,1567,MILWAUKIE AVE,,2659,WOODWARD ST,,0,9,,30,1,INTER   ,0,3,3-LEG  ,0,0,0,,0,,,1,H,O-1TURN   ,6,TURN    ,4,INJ,2,CLD ,1,DRY ,1,DAY ,99,UNKNOWN   ,1,3,CITY  ,99,CELL-WTN  ,,,,,2,NO-YIELD,,,,,,,0,0,0,0,9,,1,PORTLAND CITY STREET,,,,5/1/06 11:30,2,0,1,0,0,1,0,1,0,0,0,0,0,0,0,0,0,0,0,0,0,0,60089,,,01326Node60089,01326Node60089,INTERSEC,SE MILWAUKIE AVE,SE WOODWARD ST,7649838,676521,245,26,RT,AI,IC,0,0,,,,,,,,,,,,,,,,,,,,
1182929,61,1/3/06 0:00,1,3,2006,3,11,11A,26,Multnomah,242,Portland N,57,PORTLAND UA    ,17,U COLL  ,0,,,,,,,,,,,,,,,,,,,,,547,COLUMBIA WAY,,1511,MACRUM AVE,,0,9,,35,1,INTER   ,0,1,CROSS  ,0,0,0,,0,,,4,B,ANGL-OTH  ,1,ANGL    ,5,PDO,3,RAIN,2,WET ,1,DAY ,4,STOP SIGN ,1,3,CITY  ,,,,,,,3,PAS-STOP,,,,,,,0,0,0,1,9,,1,PORTLAND CITY STREET,,,,5/1/06 11:30,2,0,0,0,0,0,0,2,0,0,0,0,0,0,0,0,0,0,0,0,0,0,31500,,,04343Node31500,04343Node31500,INTERSEC,N COLUMBIA WAY,N MACRUM AVE,7631244,710381,242,26,RT,AI,IC,0,0,,,,,,,,,,,,,,,,,,,,
1182952,72,1/4/06 0:00,1,4,2006,4,14,2P ,26,Multnomah,245,Portland SE,57,PORTLAND UA    ,14,U PR-ART,0,,,,,,,,,,,,,,,,,,,,,929,GRAND AVE,,1528,MARKET ST,,0,9,,,1,INTER   ,0,1,CROSS  ,0,0,0,,0,,,4,B,ANGL-OTH  ,1,ANGL    ,5,PDO,1,CLR ,1,DRY ,1,DAY ,4,STOP SIGN ,1,,,,,,,,,2,NO-YIELD,,,,,,,0,0,0,0,9,,1,PORTLAND CITY STREET,,,,5/1/06 11:30,2,0,0,0,0,0,0,2,0,0,0,0,0,0,0,0,0,0,0,0,0,0,56525,,,00845Node56525,00845Node56525,INTERSEC,SE GRAND AVE,SE MARKET ST,7648243,679735,245,26,RT,AI,IC,0,0,,,,,,,,,,,,,,,,,,,,
1182954,152,1/2/06 0:00,1,2,2006,2,11,11A,26,Multnomah,242,Portland N,57,PORTLAND UA    ,16,U MN-ART,1,120,  ,SWIFT,1,6,CN,0,R,1,,,,,,,,,,,,1617,LEG TO MARINE DR,,9701,EXTO I-5,,,6,2.72,,1,INTER   ,1,6,6-LEG  ,0,0,0,,0,,,5,8,FIX OBJ   ,9,FIX     ,5,PDO,3,RAIN,2,WET ,1,DAY ,1,TRF SIGNAL,1,,,44,BARRIER   ,,,,,1,TOO-FAST,10,OTHR-IMP,,,,,0,0,0,0,9,,2,PORTLAND HWY SYSTEM,,,,5/1/06 11:30,1,0,0,0,0,0,0,1,0,0,0,0,0,0,0,0,0,0,0,0,0,0,29587,,,03555NODE29587,LEG2498,INTERSEC,N MARINE DR,EXTO I-5,7643205,714468,242,26,RT,MS,IC,0,1,,,,,,,,,,,,,,,,,,,,
1182959,184,1/9/06 0:00,1,9,2006,2,13,1P ,26,Multnomah,245,Portland SE,57,PORTLAND UA    ,11,U INTRST,1,1,  ,PACIFIC,2,0,MN,0,R,,,,,,,,,,,,,302,PACIFIC HY I-5,,9438,NB EX BANFLD FY,,,5,301.03,,3,STRGHT  ,0,,,0,0,0,6,,1,RSDMD,3,E,S-1STOP   ,3,REAR    ,5,PDO,3,RAIN,2,WET ,1,DAY ,99,UNKNOWN   ,1,,,92,PHANTOM   ,,,,,7,TOO-CLOS,,,,,,,0,0,0,0,9,,2,PORTLAND HWY SYSTEM,,,,5/1/06 11:30,2,0,0,0,0,0,0,2,0,0,0,0,0,0,0,0,0,0,0,0,0,0,,,,00569NODE56055,LEG2214,NODELEG,SE I5 FWY,NB EX BANFLD FY,7646627,681681,245,26,RT,AI,HN,0,0,,,,,,,,,,,,,,,,,,,,
1182961,188,1/9/06 0:00,1,9,2006,2,17,5P ,26,Multnomah,245,Portland SE,57,PORTLAND UA    ,16,U MN-ART,0,,,,,,,,,,,,,,,,,,,,,563,CHERRY BLOSSOM DR,,1592,MORRISON CT,,0,9,,,1,INTER   ,0,5,5-LEG  ,0,0,0,,0,,,1,B,ANGL-OTH  ,1,ANGL    ,5,PDO,3,RAIN,2,WET ,2,DLIT,4,STOP SIGN ,1,5,NO RPT,13,FORCED    ,,,,,2,NO-YIELD,,,,,,,0,0,0,0,9,,1,PORTLAND CITY STREET,,,,5/1/06 11:30,3,0,0,0,0,0,0,3,0,0,0,0,0,0,0,0,0,0,0,0,0,0,54618,,,03306Node54618,03306Node54618,INTERSEC,SE CHERRY BLOSSOM DR,SE MORRISON CT,7674578,681352,245,26,RT,AI,IC,0,0,,,,,,,,,,,,,,,,,,,,
1182968,196,1/9/06 0:00,1,9,2006,2,16,4P ,26,Multnomah,243,Portland NE,57,PORTLAND UA    ,16,U MN-ART,0,,,,,,,,,,,,,,,,,,,,,488,CULLY BLVD,,1311,KILLINGSWORTH ST,,0,9,,,1,INTER   ,0,1,CROSS  ,0,0,0,,0,,,3,B,ANGL-OTH  ,1,ANGL    ,5,PDO,3,RAIN,2,WET ,1,DAY ,1,TRF SIGNAL,1,5,NO RPT,88,FENC/BLD  ,,,,,4,DIS--RAG,,,,,,,0,0,0,0,9,,1,PORTLAND CITY STREET,,,,5/1/06 11:30,2,0,0,0,0,0,0,2,0,0,0,0,0,0,0,0,0,0,0,0,0,0,37889,,,03715Node37889,03715Node37889,INTERSEC,NE CULLY BLVD,NE KILLINGSWORTH ST,7665803,698202,243,26,RT,AI,IC,0,0,,,,,,,,,,,,,,,,,,,,
1182970,198,1/9/06 0:00,1,9,2006,2,20,8P ,26,Multnomah,247,Portland SW,57,PORTLAND UA    ,19,U LOCAL ,1,61,  ,STADIUM FREEWAY,1,6,CN,0,R,2,,,,,,,,,,,,9550,EB EX MARQUAM BR,,9495,SB EF STADIUM FY,,,8,0.67000002,,3,STRGHT  ,1,,,0,0,0,2,,0,NONE ,1,8,FIX OBJ   ,9,FIX     ,5,PDO,3,RAIN,2,WET ,2,DLIT,99,UNKNOWN   ,1,,,45,WALL      ,43,GARDRAIL  ,,,1,TOO-FAST,10,OTHR-IMP,,,,,0,0,0,0,9,,2,PORTLAND HWY SYSTEM,,,,5/1/06 11:30,1,0,0,0,0,0,0,1,0,0,0,0,0,0,0,0,0,0,0,0,0,0,,,,,,,SW I405 FWY-MARQUAM BRG RAMP,SB EF STADIUM FY,,,247,26,,,,1,0,,,,,,,,,,,,,,,,,,,,
1182917,5,1/31/06 0:00,1,31,2006,3,19,7P ,26,Multnomah,249,Portland NW,57,PORTLAND UA    ,17,U COLL  ,0,,,,,,,,,,,,,,,,,,,,,2001,QUIMBY ST,,5023,23RD AVE,,0,1,,20,1,INTER   ,0,1,CROSS  ,0,0,0,,0,,,5,3,PED       ,0,PED     ,2,FAT,3,RAIN,2,WET ,2,DLIT,99,UNKNOWN   ,1,3,CITY  ,,,,,,,2,NO-YIELD,,,,,,,0,0,0,0,9,"Over 200,000",1,PORTLAND CITY STREET,,,,4/17/07 19:49,1,1,1,0,0,1,0,1,2,1,1,0,0,0,0,0,0,0,0,0,0,0,45672,,,01454Node45672,LEG35901,NODELEG,NW QUIMBY ST,NW 23RD AVE,7638740,688264,249,26,RT,AI,NL,0,0,,,,,,,,,,,,,,,,,,,,
1182951,71,1/4/06 0:00,1,4,2006,4,1,1A ,26,Multnomah,243,Portland NE,57,PORTLAND UA    ,17,U COLL  ,0,,,,,,,,,,,,,,,,,,,,,111,ALBERTA ST,,5026,  26TH AVE,,10,7,,,3,STRGHT  ,1,,,0,0,0,2,,0,NONE ,6,2,PRKD MV   ,5,SS-O    ,5,PDO,2,CLD ,2,WET ,2,DLIT,0,NONE      ,1,3,CITY  ,,,,,,,27,INATTENT,10,OTHR-IMP,,,,,1,0,0,1,9,,1,PORTLAND CITY STREET,,,,5/1/06 11:30,3,0,0,0,0,0,0,1,0,0,0,0,0,0,0,0,0,0,0,0,0,0,38467,,,02463Node38467,LEG25022,NODELEG,NE ALBERTA ST,NE 26TH AVE,7654307,697170,243,26,RT,AI,MD,0,0,,,,,,,,,,,,,,,,,,,,
1182953,73,1/4/06 0:00,1,4,2006,4,9,9A ,26,Multnomah,243,Portland NE,57,PORTLAND UA    ,11,U INTRST,1,2,  ,COLUMBIA RIVER,2,0,MN,0,R,,,,,,,,,,,,,305,BANFIELD FY,,9510,WB EX NE HOLLADY,,,3,1.6900001,,3,STRGHT  ,0,,,0,0,0,6,,1,RSDMD,6,E,S-1STOP   ,3,REAR    ,4,INJ,3,RAIN,2,WET ,1,DAY ,99,UNKNOWN   ,1,5,NO RPT,13,FORCED    ,,,,,27,INATTENT,7,TOO-CLOS,,,,,0,0,0,0,9,,2,PORTLAND HWY SYSTEM,,,,5/1/06 11:30,3,0,0,1,0,1,0,2,0,0,0,0,0,0,0,0,0,0,0,0,0,0,,,,01141NODE47774,LEG2662,NODELEG,NE I84 FWY,NE I84 FWY-HOLLADAY ST RAMP,7654398,686724,243,26,RT,AI,HN,0,0,,,,,,,,,,,,,,,,,,,,
1182960,187,1/9/06 0:00,1,9,2006,2,16,4P ,26,Multnomah,242,Portland N,57,PORTLAND UA    ,19,U LOCAL ,0,,,,,,,,,,,,,,,,,,,,,939,GREENWICH AVE,,0,,,0,9,,,1,INTER   ,0,1,CROSS  ,0,0,0,,0,,,0,B,ANGL-OTH  ,1,ANGL    ,5,PDO,1,CLR ,1,DRY ,1,DAY ,4,STOP SIGN ,1,,,,,,,,,3,PAS-STOP,,,,,,,0,0,0,0,9,,1,PORTLAND CITY STREET,,,,5/1/06 11:30,2,0,0,0,0,0,0,2,0,0,0,0,0,0,0,0,0,0,0,0,0,0,,,,,,,N GREENWICH AVE,,,,242,26,,,,0,0,,,,,,,,,,,,,,,,,,,,
1182967,195,1/9/06 0:00,1,9,2006,2,17,5P ,26,Multnomah,245,Portland SE,57,PORTLAND UA    ,14,U PR-ART,0,26,  ,MT. HOOD,1,0,MN,0,R,,,,,,,,,,,,,1940,POWELL BLVD,,5065,  65TH AVE,,,1,4.1700001,,1,INTER   ,0,3,3-LEG  ,0,0,0,,0,,,5,3,PED       ,0,PED     ,4,INJ,3,RAIN,2,WET ,2,DLIT,1,TRF SIGNAL,1,,,,,,,,,2,NO-YIELD,,,,,,,0,0,0,0,9,,2,PORTLAND HWY SYSTEM,,,,5/1/06 11:30,1,0,0,1,0,1,0,1,1,0,1,0,0,0,0,0,0,0,0,0,0,0,0,,,03007NODE62062,LEG47620,NODELEG,SE POWELL BLVD,SE 65TH AVE,7664563,674467,245,26,RT,MM,MP,0,0,,,,,,,,,,,,,,,,,,,,
1182969,197,1/9/06 0:00,1,9,2006,2,7,7A ,26,Multnomah,245,Portland SE,57,PORTLAND UA    ,17,U COLL  ,0,,,,,,,,,,,,,,,,,,,,,5092,  92ND AVE,,1940,POWELL BLVD,,1320,5,,,2,ALLEY   ,0,,,0,0,0,2,,0,NONE ,8,B,ANGL-OTH  ,6,TURN    ,5,PDO,3,RAIN,2,WET ,4,DAWN,99,UNKNOWN   ,1,,,,,,,,,10,OTHR-IMP,,,,,,,0,0,0,0,9,,1,PORTLAND CITY STREET,,,,5/1/06 11:30,2,0,0,0,0,0,0,2,0,0,0,0,0,0,0,0,0,0,0,0,0,0,62292,,,03749Node62292,LEG50183,NODELEG,SE 92ND AVE,SE POWELL BLVD,7671729,672902,245,26,RT,AS,MD,0,0,,,,,,,,,,,,,,,,,,,,
1182976,204,1/9/06 0:00,1,9,2006,2,18,6P ,26,Multnomah,245,Portland SE,57,PORTLAND UA    ,16,U MN-ART,0,,,,,,,,,,,,,,,,,,,,,2260,STEELE ST,,5052,  52ND AVE,,0,6,,,1,INTER   ,0,4,4-LEG  ,0,0,0,,0,,,6,E,S-1STOP   ,3,REAR    ,5,PDO,3,RAIN,2,WET ,2,DLIT,1,TRF SIGNAL,1,,,93,CELL-POL  ,,,,,27,INATTENT,7,TOO-CLOS,,,,,0,0,0,0,9,,1,PORTLAND CITY STREET,,,,5/1/06 11:30,2,0,0,0,0,0,0,2,0,0,0,0,0,0,0,0,0,0,0,0,0,0,0,,,03142Node66220,LEG46615,NODELEG,SE STEELE ST,SE 52ND AVE,7661330,669804,245,26,RT,MM,NL,0,0,,,,,,,,,,,,,,,,,,,,
1182978,206,1/9/06 0:00,1,9,2006,2,16,4P ,26,Multnomah,247,Portland SW,57,PORTLAND UA    ,17,U COLL  ,0,,,,,,,,,,,,,,,,,,,,,2317,TERWILLIGER BLVD,,2524,VETERANS HOSP RD,,0,5,,,1,INTER   ,0,3,3-LEG  ,0,0,0,,0,,,6,E,S-1STOP   ,3,REAR    ,5,PDO,3,RAIN,2,WET ,1,DAY ,4,STOP SIGN ,1,,,82,VEH HID   ,,,,,27,INATTENT,7,TOO-CLOS,,,,,0,0,0,0,9,,1,PORTLAND CITY STREET,,,,5/1/06 11:30,2,0,0,0,0,0,0,2,0,0,0,0,0,0,0,0,0,0,0,0,0,0,62484,,,06701Node62484,LEG74989,NODELEG,SW TERWILLIGER BLVD,SW US VETERANS HOSPITAL RD,7642590,673965,247,26,RT,AI,NL,0,0,,,,,,,,,,,,,,,,,,,,
1182987,125,1/1/06 0:00,1,1,2006,1,9,9A ,26,Multnomah,242,Portland N,57,PORTLAND UA    ,14,U PR-ART,0,,,,,,,,,,,,,,,,,,,,,267,BROADWAY ST,,2639,WILLIAMS AVE,,0,9,,,1,INTER   ,0,1,CROSS  ,0,0,0,,0,,,2,B,ANGL-OTH  ,1,ANGL    ,4,INJ,1,CLR ,1,DRY ,1,DAY ,1,TRF SIGNAL,1,5,NO RPT,,,,,,,4,DIS--RAG,,,,,,,0,0,0,0,9,,1,PORTLAND CITY STREET,,,,5/1/06 11:30,2,0,0,1,0,1,0,1,0,0,0,0,0,0,0,0,0,0,0,0,0,0,45168,,,00596Node45168,00596Node45168,INTERSEC,N BROADWAY ,N WILLIAMS AVE,7646953,688627,242,26,RT,AI,IC,0,0,,,,,,,,,,,,,,,,,,,,
1182992,139,1/2/06 0:00,1,2,2006,2,12,12P,26,Multnomah,245,Portland SE,57,PORTLAND UA    ,16,U MN-ART,0,,,,,,,,,,,,,,,,,,,,,2259,STARK ST,,7103, 103RD DR,,0,9,,,1,INTER   ,0,1,CROSS  ,0,0,0,,0,,,2,B,ANGL-OTH  ,1,ANGL    ,5,PDO,1,CLR ,1,DRY ,1,DAY ,1,TRF SIGNAL,1,,,,,,,,,2,NO-YIELD,,,,,,,0,0,0,0,9,,1,PORTLAND CITY STREET,,,,5/1/06 11:30,2,0,0,0,0,0,0,2,0,0,0,0,0,0,0,0,0,0,0,0,0,0,53822,,,03265Node53822,03265Node53822,INTERSEC,SE STARK ST,SE 103RD DR,7674756,682048,245,26,RT,AI,IC,0,0,,,,,,,,,,,,,,,,,,,,
1182996,146,1/2/06 0:00,1,2,2006,2,99,UNK,26,Multnomah,243,Portland NE,57,PORTLAND UA    ,14,U PR-ART,0,,,,,,,,,,,,,,,,,,,,,2402,MLK/UNION,,0,,,,0,,,3,STRGHT  ,0,,,1,0,0,4,,0,NONE ,0,C,S-STRGHT  ,3,REAR    ,4,INJ,3,RAIN,2,WET ,1,DAY ,99,UNKNOWN   ,1,,,,,,,,,7,TOO-CLOS,,,,,,,0,0,0,0,9,,1,PORTLAND CITY STREET,,,,5/1/06 11:30,2,0,0,0,4,4,0,1,0,0,0,0,0,0,0,0,0,0,0,0,0,0,,,,,,,NE MARTIN LUTHER KING JR BLVD,,,,243,26,,,,0,0,,,,,,,,,,,,,,,,,,,,
1183001,80050,1/5/06 0:00,1,5,2006,5,16,4P ,26,Multnomah,245,Portland SE,57,PORTLAND UA    ,19,U LOCAL ,0,,,,,,,,,,,,,,,,,,,,,5145, 145TH AVE,,614,DIVISION ST,,200,5,,,2,ALLEY   ,1,,,0,0,0,2,,0,NONE ,8,A,ANGL-STP  ,6,TURN    ,4,INJ,3,RAIN,2,WET ,1,DAY ,99,UNKNOWN   ,1,,,,,,,,,12,OTHER   ,,,,,,,0,0,0,0,9,,1,PORTLAND CITY STREET,,,,5/1/06 11:30,2,0,0,0,1,1,0,1,0,0,0,0,0,0,0,0,0,0,0,0,0,0,60260,,,04942Node60260,LEG42061,NODELEG,SE 145TH AVE,SE DIVISION ST,7685838,676150,245,26,RT,AS,MD,0,0,,,,,,,,,,,,,,,,,,,,
1183003,248,1/10/06 0:00,1,10,2006,3,18,6P ,26,Multnomah,242,Portland N,57,PORTLAND UA    ,14,U PR-ART,0,,,,,,,,,,,,,,,,,,,,,2504,VANCOUVER AVE,,2620,WEIDLER ST,,20,7,,,3,STRGHT  ,0,,,1,0,0,4,,0,NONE ,6,E,S-1STOP   ,3,REAR    ,5,PDO,3,RAIN,2,WET ,2,DLIT,99,UNKNOWN   ,1,,,13,FORCED    ,,,,,7,TOO-CLOS,,,,,,,0,0,0,0,9,,1,PORTLAND CITY STREET,,,,5/1/06 11:30,3,0,0,0,0,0,0,3,0,0,0,0,0,0,0,0,0,0,0,0,0,0,45485,,,00597Node45485,LEG15395,NODELEG,N VANCOUVER AVE,N WEIDLER ST,7646669,688366,242,26,RT,AI,MD,0,0,,,,,,,,,,,,,,,,,,,,
1182977,205,1/9/06 0:00,1,9,2006,2,13,1P ,26,Multnomah,243,Portland NE,57,PORTLAND UA    ,14,U PR-ART,0,,,,,,,,,,,,,,,,,,,,,922,GLISAN ST,,5067,  67TH AVE,,500,3,,,2,ALLEY   ,0,,,0,0,0,5,,0,NONE ,8,B,ANGL-OTH  ,6,TURN    ,5,PDO,3,RAIN,2,WET ,1,DAY ,90,L-TURN REF,1,,,13,FORCED    ,,,,,2,NO-YIELD,,,,,,,0,0,0,0,9,,1,PORTLAND CITY STREET,,,,5/1/06 11:30,3,0,0,0,0,0,0,3,0,0,0,0,0,0,0,0,0,0,0,0,0,0,49897,,,02353Node49897,LEG28001,NODELEG,NE GLISAN ST,NE 67TH AVE,7665884,684982,243,26,RT,AI,MD,0,0,,,,,,,,,,,,,,,,,,,,
1182979,207,1/9/06 0:00,1,9,2006,2,14,2P ,26,Multnomah,242,Portland N,57,PORTLAND UA    ,17,U COLL  ,0,,,,,,,,,,,,,,,,,,,,,112,ALBINA AVE,,270,BRYANT ST,,0,1,,,1,INTER   ,0,1,CROSS  ,0,0,0,,0,,,5,3,PED       ,0,PED     ,4,INJ,3,RAIN,2,WET ,1,DAY ,99,UNKNOWN   ,1,,,,,,,,,2,NO-YIELD,,,,,,,0,0,0,0,9,,1,PORTLAND CITY STREET,,,,5/1/06 11:30,1,0,0,1,0,1,0,1,1,0,1,0,0,0,0,0,0,0,0,0,0,0,35902,,,02167Node35902,LEG5951,NODELEG,N ALBINA AVE,N BRYANT ST,7645259,702688,242,26,RT,AI,NL,0,0,,,,,,,,,,,,,,,,,,,,
1182986,124,1/1/06 0:00,1,1,2006,1,13,1P ,26,Multnomah,243,Portland NE,57,PORTLAND UA    ,19,U LOCAL ,0,,,,,,,,,,,,,,,,,,,,,472,COLUMBIA BLVD,,1589,MORGAN ST,,0,9,,,1,INTER   ,0,1,CROSS  ,0,0,0,,0,,,1,B,ANGL-OTH  ,1,ANGL    ,5,PDO,3,RAIN,2,WET ,1,DAY ,99,UNKNOWN   ,1,,,82,VEH HID   ,,,,,2,NO-YIELD,,,,,,,0,0,0,0,9,"Over 200,000",1,PORTLAND CITY STREET,,,,1/16/07 14:53,2,0,0,0,0,0,0,2,0,0,0,0,0,0,0,0,0,0,0,0,0,0,,,,,,,NE COLUMBIA BLVD,NE MORGAN ST,,,243,26,,,,1,0,,,,,,,,,,,,,,,,,,,,
1182995,145,1/2/06 0:00,1,2,2006,2,17,5P ,26,Multnomah,245,Portland SE,57,PORTLAND UA    ,16,U MN-ART,0,,,,,,,,,,,,,,,,,,,,,2259,STARK ST,,5102, 102ND AVE,,100,3,,,3,STRGHT  ,0,,,0,0,0,2,,0,NONE ,8,C,S-STRGHT  ,3,REAR    ,5,PDO,1,CLR ,1,DRY ,0,UNK ,99,UNKNOWN   ,1,,,,,,,,,7,TOO-CLOS,,,,,,,0,0,0,0,9,,1,PORTLAND CITY STREET,,,,5/1/06 11:30,2,0,0,0,0,0,0,2,0,0,0,0,0,0,0,0,0,0,0,0,0,0,53812,,,03244Node53812,LEG61173,NODELEG,SE STARK ST,SE 102ND AVE,7674652,682051,245,26,RT,AS,MD,0,0,,,,,,,,,,,,,,,,,,,,
1183002,247,1/10/06 0:00,1,10,2006,3,14,2P ,26,Multnomah,242,Portland N,57,PORTLAND UA    ,16,U MN-ART,0,,,,,,,,,,,,,,,,,,,,,2328,TILLAMOOK ST,,2504,VANCOUVER AVE,,20,5,,,3,STRGHT  ,0,,,0,0,0,2,,0,NONE ,6,D,S-1TURN   ,6,TURN    ,4,INJ,3,RAIN,2,WET ,1,DAY ,15,ONE-WAY   ,1,,,,,,,,,8,IMP-TURN,,,,,,,0,0,0,0,9,,1,PORTLAND CITY STREET,,,,5/1/06 11:30,2,0,0,2,0,2,0,0,0,0,0,0,0,0,0,0,0,0,0,0,0,0,43981,,,00727Node43981,LEG15054,NODELEG,N TILLAMOOK ST,N VANCOUVER AVE,7646733,689692,242,26,RT,AI,MD,0,0,,,,,,,,,,,,,,,,,,,,
1183029,80034,1/4/06 0:00,1,4,2006,4,21,9P ,26,Multnomah,243,Portland NE,57,PORTLAND UA    ,14,U PR-ART,0,,,,,,,,,,,,,,,,,,,,,929,GRAND AVE,,1528,,,0,9,,,1,INTER   ,0,1,CROSS  ,0,0,0,,0,,,4,B,ANGL-OTH  ,6,TURN    ,5,PDO,1,CLR ,1,DRY ,2,DLIT,4,STOP SIGN ,1,,,,,,,,,2,NO-YIELD,,,,,,,0,0,0,0,9,,1,PORTLAND CITY STREET,,,,5/1/06 11:30,2,0,0,0,0,0,0,3,0,0,0,0,0,0,0,0,0,0,0,0,0,0,,,,,,,NE GRAND AVE,,,,243,26,,,,0,0,,,,,,,,,,,,,,,,,,,,
1183034,221,1/10/06 0:00,1,10,2006,3,17,5P ,26,Multnomah,243,Portland NE,57,PORTLAND UA    ,14,U PR-ART,0,,,,,,,,,,,,,,,,,,,,,2402,MLK/UNION,,104,AINSWORTH ST,,100,1,,,2,ALLEY   ,0,,,0,0,0,4,,0,NONE ,7,B,ANGL-OTH  ,6,TURN    ,4,INJ,3,RAIN,2,WET ,2,DLIT,99,UNKNOWN   ,1,5,NO RPT,,,,,,,2,NO-YIELD,,,,,,,0,0,0,0,9,,1,PORTLAND CITY STREET,,,,5/1/06 11:30,2,0,0,2,0,2,0,1,0,0,0,0,0,0,0,0,0,0,0,0,0,0,36997,,,02178Node36997,LEG30945,NODELEG,NE MARTIN LUTHER KING JR BLVD,NE AINSWORTH ST,7648630,700104,243,26,RT,AI,MD,0,0,,,,,,,,,,,,,,,,,,,,
1183036,223,1/10/06 0:00,1,10,2006,3,15,3P ,26,Multnomah,243,Portland NE,57,PORTLAND UA    ,14,U PR-ART,0,,,,,,,,,,,,,,,,,,,,,829,FREMONT ST,,2402,MLK/UNION,,0,1,,,1,INTER   ,0,1,CROSS  ,0,0,0,,0,,,6,E,S-1STOP   ,3,REAR    ,5,PDO,3,RAIN,2,WET ,1,DAY ,1,TRF SIGNAL,1,5,NO RPT,13,FORCED    ,,,,,7,TOO-CLOS,,,,,,,0,0,0,0,9,,1,PORTLAND CITY STREET,,,,5/1/06 11:30,5,0,0,0,0,0,0,6,0,0,0,0,0,0,0,0,0,0,0,0,0,0,40795,,,01495Node40795,LEG30983,NODELEG,NE FREMONT ST,NE MARTIN LUTHER KING JR BLVD,7648404,693446,243,26,RT,AI,NL,0,0,,,,,,,,,,,,,,,,,,,,
1183043,235,1/10/06 0:00,1,10,2006,3,9,9A ,26,Multnomah,247,Portland SW,57,PORTLAND UA    ,17,U COLL  ,0,,,,,,,,,,,,,,,,,,,,,2309,TAYLOR ST,,5003,   3RD AVE,,0,9,,,1,INTER   ,0,1,CROSS  ,0,0,0,,0,,,1,B,ANGL-OTH  ,1,ANGL    ,5,PDO,2,CLD ,2,WET ,1,DAY ,1,TRF SIGNAL,1,5,NO RPT,82,VEH HID   ,,,,,4,DIS--RAG,,,,,,,0,0,0,0,9,,1,PORTLAND CITY STREET,,,,5/1/06 11:30,2,0,0,0,0,0,0,2,0,0,0,0,0,0,0,0,0,0,0,0,0,0,53790,,,05711Node53790,05711Node53790,INTERSEC,SW TAYLOR ST,SW 3RD AVE,7644338,682069,247,26,RT,AI,IC,0,0,,,,,,,,,,,,,,,,,,,,
1183052,164,1/9/06 0:00,1,9,2006,2,16,4P ,26,Multnomah,242,Portland N,57,PORTLAND UA    ,17,U COLL  ,0,,,,,,,,,,,,,,,,,,,,,296,BASIN AVE,,925,GOING ST,,0,7,,,1,INTER   ,0,1,CROSS  ,0,0,0,,0,,,6,E,S-1STOP   ,3,REAR    ,4,INJ,3,RAIN,2,WET ,1,DAY ,1,TRF SIGNAL,1,,,,,,,,,7,TOO-CLOS,,,,,,,0,0,0,0,9,,1,PORTLAND CITY STREET,,,,5/1/06 11:30,2,0,0,0,1,1,0,1,0,0,0,0,0,0,0,0,0,0,0,0,0,0,38847,,,02162Node38847,LEG90341,NODELEG,N BASIN AVE,N GOING ST,7639504,696478,242,26,RT,AS,NL,0,0,,,,,,,,,,,,,,,,,,,,
1183054,169,1/9/06 0:00,1,9,2006,2,16,4P ,26,Multnomah,243,Portland NE,57,PORTLAND UA    ,12,U FWY/XP,0,,,,,,,,,,,,,,,,,,,,,922,GLISAN ST,,5081,  81ST AVE,,0,9,,,1,INTER   ,0,1,CROSS  ,0,0,0,,0,,,4,B,ANGL-OTH  ,6,TURN    ,4,INJ,1,CLR ,1,DRY ,1,DAY ,4,STOP SIGN ,1,,,,,,,,,2,NO-YIELD,,,,,,,0,0,0,0,9,,1,PORTLAND CITY STREET,,,,5/1/06 11:30,2,0,0,0,3,3,0,1,0,0,0,0,0,0,0,0,0,0,0,0,0,0,50041,,,02709Node50041,02709Node50041,INTERSEC,NE GLISAN ST,NE 81ST AVE,7669056,684884,243,26,RT,AI,IC,0,0,,,,,,,,,,,,,,,,,,,,
1183059,179,1/9/06 0:00,1,9,2006,2,6,6A ,26,Multnomah,247,Portland SW,57,PORTLAND UA    ,12,U FWY/XP,1,47,  ,SUNSET,1,1,CP,0,R,,,,,,,,,,,,,2950,SUNSET HY,,414,CANYON RD,,,2,73.459999,,9,TUNNEL  ,0,,,0,0,0,3,,0,NONE ,4,C,S-STRGHT  ,3,REAR    ,5,PDO,3,RAIN,2,WET ,2,DLIT,99,UNKNOWN   ,1,5,NO RPT,,,,,,,7,TOO-CLOS,,,,,,,0,0,0,0,9,"Over 200,000",2,PORTLAND HWY SYSTEM,,,,5/12/07 16:14,2,0,0,0,0,0,0,2,0,0,0,0,0,0,0,0,0,0,0,0,0,0,,,,06678NODE55858,LEG3551,NODELEG,SW SUNSET HWY,SW CANYON RD,7638372,681781,247,26,RT,AI,MP,0,1,,,,,,,,,,,,,,,,,,,,
1183061,182,1/9/06 0:00,1,9,2006,2,7,7A ,26,Multnomah,243,Portland NE,57,PORTLAND UA    ,12,U FWY/XP,0,,,,,,,,,,,,,,,,,,,,,2402,MLK/UNION,,1814,OREGON ST,,200,5,,,3,STRGHT  ,0,,,0,0,0,3,,0,NONE ,6,C,S-STRGHT  ,3,REAR    ,5,PDO,3,RAIN,2,WET ,1,DAY ,15,ONE-WAY   ,1,,,,,,,,,13,IMP LN C,,,,,,,0,0,0,0,9,,1,PORTLAND CITY STREET,,,,5/1/06 11:30,2,0,0,0,0,0,0,2,0,0,0,0,0,0,0,0,0,0,0,0,0,0,48211,,,00758Node48211,LEG31046,NODELEG,NE MARTIN LUTHER KING JR BLVD,NE OREGON ST,7648180,686041,243,26,RT,AI,MD,0,0,,,,,,,,,,,,,,,,,,,,
1183068,243,1/10/06 0:00,1,10,2006,3,16,4P ,26,Multnomah,249,Portland NW,57,PORTLAND UA    ,17,U COLL  ,0,,,,,,,,,,,,,,,,,,,,,725,EVERETT ST,,5003,   3RD AVE,,0,3,,20,1,INTER   ,0,1,CROSS  ,0,0,0,,0,,,5,3,PED       ,0,PED     ,4,INJ,3,RAIN,2,WET ,5,DUSK,1,TRF SIGNAL,1,3,CITY  ,,,,,,,2,NO-YIELD,,,,,,,0,0,0,0,9,,1,PORTLAND CITY STREET,,,,5/2/06 8:13,1,0,1,0,0,1,0,1,1,0,1,0,0,0,0,0,0,0,0,0,0,0,49780,,,00502Node49780,LEG37122,NODELEG,NW EVERETT ST,NW 3RD AVE,7645187,685088,249,26,RT,AI,NL,0,0,,,,,,,,,,,,,,,,,,,,
1182925,57,1/3/06 0:00,1,3,2006,3,10,10A,26,Multnomah,247,Portland SW,57,PORTLAND UA    ,19,U LOCAL ,0,,,,,,,,,,,,,,,,,,,,,2702,YAMHILL ST,,5006,   6TH AVE,,200,8,,,3,STRGHT  ,1,,,0,0,0,2,,0,NONE ,8,2,PRKD MV   ,3,REAR    ,5,PDO,3,RAIN,2,WET ,1,DAY ,99,UNKNOWN   ,1,5,NO RPT,13,FORCED    ,,,,,10,OTHR-IMP,,,,,,,0,0,0,0,9,,1,PORTLAND CITY STREET,,,,5/1/06 11:30,3,0,0,0,0,0,0,1,0,0,0,0,0,0,0,0,0,0,0,0,0,0,53052,,,05723Node53052,LEG75991,NODELEG,SW YAMHILL ST,SW 6TH AVE,7643477,682704,247,26,RT,RT,MD,0,0,,,,,,,,,,,,,,,,,,,,
1182956,162,1/9/06 0:00,1,9,2006,2,13,1P ,26,Multnomah,245,Portland SE,57,PORTLAND UA    ,11,U INTRST,1,64,  ,EAST PORTLAND FREEWAY,1,0,MN,0,R,,,,,,,,,,,,,745,EAST PORTLAND FY,,9723,NB EX WASH-STARK,,,5,20.299999,,3,STRGHT  ,0,,,0,0,0,6,,1,RSDMD,4,C,S-STRGHT  ,5,SS-O    ,4,INJ,3,RAIN,2,WET ,1,DAY ,99,UNKNOWN   ,1,5,NO RPT,13,FORCED    ,,,,,10,OTHR-IMP,,,,,,,0,0,0,0,9,,2,PORTLAND HWY SYSTEM,,,,5/1/06 11:30,3,0,0,1,0,1,0,1,0,0,0,0,0,0,0,0,0,0,0,0,0,0,,,,03200NODE55444,LEG766,NODELEG,SE I205 FWY,SE I205 FWY-WASHINGTON ST RAMP,7672750,680296,245,26,RT,AI,HN,0,0,,,,,,,,,,,,,,,,,,,,
1182957,168,1/9/06 0:00,1,9,2006,2,10,10A,26,Multnomah,242,Portland N,57,PORTLAND UA    ,11,U INTRST,1,1,  ,PACIFIC,2,0,MN,0,R,,,,,,,,,,,,,322,PACIFIC HY I-5,,9431,NB EF FREMONT BR,,,1,303.60001,,3,STRGHT  ,0,,,0,0,0,8,,1,RSDMD,3,E,S-1STOP   ,3,REAR    ,4,INJ,3,RAIN,2,WET ,1,DAY ,99,UNKNOWN   ,1,5,NO RPT,13,FORCED    ,,,,,7,TOO-CLOS,,,,,,,0,0,0,0,9,,2,PORTLAND HWY SYSTEM,,,,5/1/06 11:30,3,0,0,1,0,1,0,2,0,0,0,0,0,0,0,0,0,0,0,0,0,0,,,,01366NODE40769,LEG2271,NODELEG,N I5 FWY NB,NB EF FREMONT BR,7644079,694178,242,26,RT,AI,HN,0,0,,,,,,,,,,,,,,,,,,,,
1182958,180,1/9/06 0:00,1,9,2006,2,5,5A ,26,Multnomah,247,Portland SW,57,PORTLAND UA    ,19,U LOCAL ,1,61,  ,STADIUM FREEWAY,1,6,CN,0,R,1,,,,,,,,,,,,9558,WB EX SW 12TH AV,,323,STADIUM FY,,,7,1.25,,3,STRGHT  ,0,,,0,0,0,2,,0,NONE ,3,C,S-STRGHT  ,3,REAR    ,4,INJ,3,RAIN,2,WET ,2,DLIT,99,UNKNOWN   ,1,5,NO RPT,79,DITCH     ,,,,,10,OTHR-IMP,7,TOO-CLOS,,,,,0,0,0,0,9,,2,PORTLAND HWY SYSTEM,,,,5/1/06 11:30,2,0,1,0,0,1,0,1,0,0,0,0,0,0,0,0,0,0,0,0,0,0,,,,,,,SW I405 FWY-12TH AVE RAMP,SW I405 FWY,,,247,26,,,,1,0,,,,,,,,,,,,,,,,,,,,
1182972,200,1/9/06 0:00,1,9,2006,2,18,6P ,26,Multnomah,245,Portland SE,57,PORTLAND UA    ,14,U PR-ART,1,81,  ,PACIFIC HIGHWAY EAST,2,0,MN,0,R,,,,,,,,,,,,,1506,MCLOUGHLIN BLVD,,0,,,,0,999.98999,,1,INTER   ,0,1,CROSS  ,0,0,0,,0,,,6,E,S-1STOP   ,3,REAR    ,5,PDO,3,RAIN,2,WET ,2,DLIT,99,UNKNOWN   ,1,,,,,,,,,7,TOO-CLOS,,,,,,,0,0,0,0,9,,2,PORTLAND HWY SYSTEM,,,,5/1/06 11:30,2,0,0,0,0,0,0,2,0,0,0,0,0,0,0,0,0,0,0,0,0,0,,,,,,,SE MCLOUGHLIN BLVD,,,,245,26,,,,0,0,,,,,,,,,,,,,,,,,,,,
1182973,201,1/9/06 0:00,1,9,2006,2,7,7A ,26,Multnomah,243,Portland NE,57,PORTLAND UA    ,19,U LOCAL ,0,,,,,,,,,,,,,,,,,,,,,816,FLANDERS ST,,5053,  53RD AVE,,0,9,,,1,INTER   ,0,1,CROSS  ,0,0,0,,0,,,4,B,ANGL-OTH  ,1,ANGL    ,5,PDO,3,RAIN,2,WET ,4,DAWN,99,UNKNOWN   ,1,,,,,,,,,2,NO-YIELD,,,,,,,0,0,0,0,9,,1,PORTLAND CITY STREET,,,,5/1/06 11:30,2,0,0,0,0,0,0,2,0,0,0,0,0,0,0,0,0,0,0,0,0,0,50085,,,01968Node50085,01968Node50085,INTERSEC,NE FLANDERS ST,NE 53RD AVE,7661693,684843,243,26,RT,AI,IC,0,0,,,,,,,,,,,,,,,,,,,,
1182974,202,1/9/06 0:00,1,9,2006,2,15,3P ,26,Multnomah,243,Portland NE,57,PORTLAND UA    ,14,U PR-ART,0,68,  ,CASCADE HWY NORTH,1,0,MN,0,R,,,,,,,,,,,,,221,BEECH ST,,5082,  82ND AVE,,,1,1.14,,1,INTER   ,0,1,CROSS  ,0,0,0,,0,,,5,3,PED       ,0,PED     ,4,INJ,3,RAIN,2,WET ,1,DAY ,4,STOP SIGN ,1,,,,,,,,,2,NO-YIELD,,,,,,,0,0,0,0,9,,2,PORTLAND HWY SYSTEM,,,,5/1/06 11:30,1,0,0,0,1,1,0,1,1,0,1,0,0,0,0,0,0,0,0,0,0,0,40878,,,03610Node40878,LEG23673,NODELEG,NE BEECH ST,NE 82ND AVE,7669642,693371,243,26,RT,AI,HN,0,0,,,,,,,,,,,,,,,,,,,,
1182975,203,1/9/06 0:00,1,9,2006,2,7,7A ,26,Multnomah,247,Portland SW,57,PORTLAND UA    ,11,U INTRST,1,1,  ,PACIFIC,2,0,MN,0,R,,,,,,,,,,,,,306,PACIFIC HWY I-5,,9487,NB EF MULTNOMAH,,,9,296.95999,,1,INTER   ,0,3,3-LEG  ,0,0,0,,0,,,2,B,ANGL-OTH  ,6,TURN    ,5,PDO,3,RAIN,2,WET ,4,DAWN,99,UNKNOWN   ,1,,,,,,,,,2,NO-YIELD,,,,,,,0,0,0,0,9,,2,PORTLAND HWY SYSTEM,,,,5/1/06 11:30,2,0,0,0,0,0,0,2,0,0,0,0,0,0,0,0,0,0,0,0,0,0,,,,07794NODE70742,07794NODE70742,INTERSEC,SW I5 FWY,SW MULTNOMAH BLVD-I5 FWY RAMP,7640566,665016,247,26,RT,AI,IC,0,0,,,,,,,,,,,,,,,,,,,,
1182988,126,1/1/06 0:00,1,1,2006,1,12,12P,26,Multnomah,248,Portland W. Burnside,57,PORTLAND UA    ,16,U MN-ART,0,,,,,,,,,,,,,,,,,,,,,283,BURNSIDE ST,,1041,HERMOSA BLVD,,200,7,,,3,STRGHT  ,1,,,0,0,0,2,,0,NONE ,8,&,OVERTURN  ,8,NCOL    ,4,INJ,3,RAIN,2,WET ,1,DAY ,99,UNKNOWN   ,1,,,97,GRAVEL    ,10,SUB OTRN  ,,,1,TOO-FAST,,,,,,,0,0,0,0,9,,1,PORTLAND CITY STREET,,,,5/1/06 11:30,1,0,0,1,0,1,0,0,0,0,0,0,0,0,0,0,0,0,0,0,0,0,50668,,,01495NODE50668,LEG76171,NODELEG,W BURNSIDE ST,HERMOSA BLVD,7634316,684354,248,26,RT,AI,MD,0,0,,,,,,,,,,,,,,,,,,,,
1182989,127,1/1/06 0:00,1,1,2006,1,3,3A ,26,Multnomah,245,Portland SE,57,PORTLAND UA    ,14,U PR-ART,0,26,  ,MT. HOOD,1,0,MN,0,R,,,,,,,,,,,,,1940,POWELL BLVD,,5157,157TH AVE,,,7,8.96,40,3,STRGHT  ,1,,,0,0,0,2,,0,NONE ,8,8,FIX OBJ   ,9,FIX     ,4,INJ,3,RAIN,2,WET ,2,DLIT,99,UNKNOWN   ,1,3,CITY  ,88,FENC/BLD  ,,,,,1,TOO-FAST,,,,,,,1,0,0,0,9,"Over 200,000",2,PORTLAND HWY SYSTEM,,,,4/20/07 15:43,1,0,1,0,0,1,0,0,0,0,0,0,0,0,0,0,0,0,0,0,0,0,63143,,,05536Node63143,LEG59494,NODELEG,SE POWELL BLVD,SE 157TH AVE,7688659,673296,245,26,RT,AS,HN,0,0,,,,,,,,,,,,,,,,,,,,
1182990,129,1/1/06 0:00,1,1,2006,1,2,2A ,26,Multnomah,243,Portland NE,57,PORTLAND UA    ,14,U PR-ART,0,123,  ,NORTHEAST PORTLAND,1,0,MN,0,R,,,,,,,,,,,,,2214,,,5133, 133RD AVE,,,9,13.04,,1,INTER   ,0,3,3-LEG  ,0,0,0,,0,,,4,B,ANGL-OTH  ,6,TURN    ,4,INJ,3,RAIN,2,WET ,2,DLIT,1,TRF SIGNAL,1,5,NO RPT,,,,,,,4,DIS--RAG,,,,,,,0,0,0,0,9,,2,PORTLAND HWY SYSTEM,,,,9/13/06 12:55,2,0,0,1,1,2,0,1,0,0,0,0,0,0,0,0,0,0,0,0,0,0,,,,,,,NE SCHUYLER CT,NE 133RD AVE,,,243,26,,,,0,0,,,,,,,,,,,,,,,,,,,,
1182991,130,1/1/06 0:00,1,1,2006,1,6,6A ,26,Multnomah,245,Portland SE,57,PORTLAND UA    ,17,U COLL  ,0,,,,,,,,,,,,,,,,,,,,,226,BELMONT ST,,5039,  39TH AVE,,75,7,,,3,STRGHT  ,1,,,0,0,0,2,,0,NONE ,7,E,S-1STOP   ,3,REAR    ,5,PDO,3,RAIN,2,WET ,2,DLIT,99,UNKNOWN   ,1,,,,,,,,,6,IMP-OVER,,,,,,,0,0,0,0,9,,1,PORTLAND CITY STREET,,,,5/1/06 11:30,2,0,0,0,0,0,0,1,0,0,0,0,0,0,0,0,0,0,0,0,0,0,54449,,,01637Node54449,LEG51272,NODELEG,SE BELMONT ST,SE 39TH AVE,7657922,681537,245,26,RT,AS,MD,0,0,,,,,,,,,,,,,,,,,,,,
1183005,250,1/10/06 0:00,1,10,2006,3,18,6P ,26,Multnomah,243,Portland NE,57,PORTLAND UA    ,17,U COLL  ,0,,,,,,,,,,,,,,,,,,,,,1605,MULTNOMAH ST,,5003,   3RD AVE,,150,7,,,3,STRGHT  ,0,,,0,0,0,2,,0,NONE ,8,G,O-STRGHT  ,4,SS-M    ,5,PDO,3,RAIN,2,WET ,2,DLIT,99,UNKNOWN   ,1,,,,,,,,,5,LEFT-CTR,,,,,,,0,0,0,0,9,,1,PORTLAND CITY STREET,,,,5/1/06 11:30,3,0,0,0,0,0,0,4,0,0,0,0,0,0,0,0,0,0,0,0,0,0,47001,,,00829Node47001,LEG31594,NODELEG,NE MULTNOMAH ST,NE 3RD AVE,7647875,687127,243,26,RT,AI,MD,0,0,,,,,,,,,,,,,,,,,,,,
1183070,245,1/10/06 0:00,1,10,2006,3,10,10A,26,Multnomah,242,Portland N,57,PORTLAND UA    ,16,U MN-ART,0,,,,,,,,,,,,,,,,,,,,,2258,STANTON ST,,2639,WILLIAMS AVE,,0,9,,,1,INTER   ,0,1,CROSS  ,0,0,0,,0,,,1,B,ANGL-OTH  ,6,TURN    ,4,INJ,3,RAIN,2,WET ,1,DAY ,4,STOP SIGN ,1,,,,,,,,,8,IMP-TURN,,,,,1,,0,0,0,0,9,,1,PORTLAND CITY STREET,,,,5/2/06 8:13,2,0,0,1,0,1,0,1,0,0,0,0,0,0,0,0,0,0,0,0,0,0,42064,,,00902Node42064,00902Node42064,INTERSEC,N STANTON ST,N WILLIAMS AVE,7647060,691792,242,26,RT,AI,IC,0,0,,,,,,,,,,,,,,,,,,,,
1183304,255,1/10/06 0:00,1,10,2006,3,19,7P ,26,Multnomah,249,Portland NW,57,PORTLAND UA    ,14,U PR-ART,0,,,,,,,,,,,,,,,,,,,,,267,BROADWAY AVE,,1110,BROADWAY AVE,,0,3,,,1,INTER   ,0,3,3-LEG  ,0,0,0,,0,,,6,6,BIKE      ,6,TURN    ,4,INJ,3,RAIN,2,WET ,3,DARK,99,UNKNOWN   ,1,,,,,,,,,2,NO-YIELD,,,,,,,0,0,0,0,9,,1,PORTLAND CITY STREET,,,,5/4/06 8:40,1,0,0,0,1,1,0,3,0,0,0,1,0,1,0,0,0,0,0,0,0,0,100431,,,00038NODE100431,LEG37662,NODELEG,NW BROADWAY ,NW IRVING ST,7644151,686129,249,26,RT,MM,NL,0,0,,,,,,,,,,,,,,,,,,,,
1183311,278,1/5/06 0:00,1,5,2006,5,18,6P ,26,Multnomah,243,Portland NE,57,PORTLAND UA    ,17,U COLL  ,0,,,,,,,,,,,,,,,,,,,,,486,COUCH ST,,5020,  20TH AVE,,0,9,,,1,INTER   ,0,1,CROSS  ,0,0,0,,0,,,4,6,BIKE      ,6,TURN    ,4,INJ,2,CLD ,2,WET ,2,DLIT,4,STOP SIGN ,1,,,,,,,,,2,NO-YIELD,,,,,,,0,0,0,0,9,,1,PORTLAND CITY STREET,,,,5/4/06 8:40,1,0,0,1,0,1,0,2,0,0,0,1,0,1,0,0,0,0,0,0,0,0,50860,,,00972Node50860,00972Node50860,INTERSEC,NE COUCH ST,NE 20TH AVE,7652286,684291,243,26,RT,AI,IC,0,0,,,,,,,,,,,,,,,,,,,,
1183313,281,1/5/06 0:00,1,5,2006,5,11,11A,26,Multnomah,243,Portland NE,57,PORTLAND UA    ,14,U PR-ART,0,,,,,,,,,,,,,,,,,,,,,922,GLISAN ST,,5094,  94TH AVE,,0,9,,,1,INTER   ,0,1,CROSS  ,0,0,0,,0,,,2,B,ANGL-OTH  ,1,ANGL    ,4,INJ,1,CLR ,1,DRY ,1,DAY ,4,STOP SIGN ,1,3,CITY  ,,,,,,,2,NO-YIELD,,,,,,,0,0,0,0,9,,1,PORTLAND CITY STREET,,,,5/4/06 8:40,2,0,1,0,0,1,0,5,0,0,0,0,0,0,0,0,0,0,0,0,0,0,50210,,,03039Node50210,03039Node50210,INTERSEC,NE GLISAN ST,NE 94TH AVE,7672480,684763,243,26,RT,AI,IC,0,0,,,,,,,,,,,,,,,,,,,,
1183318,287,1/5/06 0:00,1,5,2006,5,17,5P ,26,Multnomah,245,Portland SE,57,PORTLAND UA    ,16,U MN-ART,0,,,,,,,,,,,,,,,,,,,,,5122, 122ND,,614,DIVISION ST,,400,1,,,3,STRGHT  ,0,,,0,0,0,3,,0,NONE ,7,C,S-STRGHT  ,5,SS-O    ,5,PDO,3,RAIN,2,WET ,5,DUSK,90,L-TURN REF,1,,,,,,,,,13,IMP LN C,,,,,,,0,0,0,0,9,,1,PORTLAND CITY STREET,,,,5/4/06 8:40,2,0,0,0,0,0,0,3,0,0,0,0,0,0,0,0,0,0,0,0,0,0,60144,,,04320Node60144,LEG41032,NODELEG,SE 122ND AVE,SE DIVISION ST,7679741,676867,245,26,RT,AS,MD,0,0,,,,,,,,,,,,,,,,,,,,
1183320,289,1/5/06 0:00,1,5,2006,5,20,8P ,26,Multnomah,245,Portland SE,57,PORTLAND UA    ,14,U PR-ART,0,,,,,,,,,,,,,,,,,,,,,1940,POWELL BLVD,,5150,150TH AVE,,,7,8.6199999,,2,ALLEY   ,1,,,0,0,0,2,,0,NONE ,1,8,FIX OBJ   ,9,FIX     ,5,PDO,2,CLD ,2,WET ,2,DLIT,99,UNKNOWN   ,1,3,CITY  ,30,PET       ,53,POLE UTL  ,,,10,OTHR-IMP,,,,,,,0,0,0,0,9,"Over 200,000",1,PORTLAND CITY STREET,,,,4/18/07 15:04,1,0,0,0,0,0,0,1,0,0,0,0,0,0,0,0,0,0,0,0,0,0,62550,,,05304Node62550,05304Node62550,INTERSEC,SE POWELL BLVD,SE 150TH AVE,7687026,673929,245,26,RT,AI,IC,0,0,,,,,,,,,,,,,,,,,,,,
1183327,296,1/7/06 0:00,1,7,2006,7,13,1P ,26,Multnomah,243,Portland NE,57,PORTLAND UA    ,11,U INTRST,1,2,  ,COLUMBIA RIVER,2,0,MN,0,R,,,,,,,,,,,,,305,BANFIELD FY,,9518,WB EX HALSEY ST,,,7,2.6800001,,3,STRGHT  ,0,,,0,0,0,6,,1,RSDMD,8,C,S-STRGHT  ,5,SS-O    ,5,PDO,3,RAIN,2,WET ,1,DAY ,99,UNKNOWN   ,1,5,NO RPT,,,,,,,1,TOO-FAST,7,TOO-CLOS,,,,,0,0,0,0,9,,2,PORTLAND HWY SYSTEM,,,,5/4/06 8:40,3,0,0,0,0,0,0,3,0,0,0,0,0,0,0,0,0,0,0,0,0,0,,,,02631NODE46695,LEG2812,NODELEG,NE I84 FWY,NE I84 FWY-HALSEY ST RAMP,7658669,687448,243,26,AS,AI,HN,0,0,,,,,,,,,,,,,,,,,,,,
1183336,331,1/7/06 0:00,1,7,2006,7,11,11A,26,Multnomah,243,Portland NE,57,PORTLAND UA    ,14,U PR-ART,0,,,,,,,,,,,,,,,,,,,,,2210,SANDY BLVD,,5065,  65TH AVE,,0,3,,,1,INTER   ,0,6,6-LEG  ,0,0,0,,0,,,5,B,ANGL-OTH  ,6,TURN    ,5,PDO,3,RAIN,2,WET ,1,DAY ,99,UNKNOWN   ,1,,,,,,,,,10,OTHR-IMP,,,,,,,0,0,0,0,9,,1,PORTLAND CITY STREET,,,,5/4/06 8:40,2,0,0,0,0,0,0,2,0,0,0,0,0,0,0,0,0,0,0,0,0,0,41962,,,03015Node41962,LEG32991,NODELEG,NE SANDY BLVD,NE 65TH AVE,7665127,691943,243,26,RT,AI,NL,0,0,,,,,,,,,,,,,,,,,,,,
1183338,334,1/6/06 0:00,1,6,2006,6,9,9A ,26,Multnomah,243,Portland NE,57,PORTLAND UA    ,17,U COLL  ,0,,,,,,,,,,,,,,,,,,,,,1943,PRESCOTT ST,,5042,  42ND AVE,,0,5,,,1,INTER   ,0,1,CROSS  ,0,0,0,,0,,,6,E,S-1STOP   ,3,REAR    ,5,PDO,3,RAIN,2,WET ,1,DAY ,1,TRF SIGNAL,1,,,,,,,,,7,TOO-CLOS,,,,,,,0,0,0,0,9,,1,PORTLAND CITY STREET,,,,5/4/06 8:40,2,0,0,0,0,0,0,2,0,0,0,0,0,0,0,0,0,0,0,0,0,0,39315,,,02794Node39315,LEG21190,NODELEG,NE PRESCOTT ST,NE 42ND AVE,7659019,695720,243,26,RT,AI,NL,0,0,,,,,,,,,,,,,,,,,,,,
1183343,341,1/6/06 0:00,1,6,2006,6,3,3A ,26,Multnomah,245,Portland SE,57,PORTLAND UA    ,17,U COLL  ,0,,,,,,,,,,,,,,,,,,,,,5174, 174TH AVE,,614,DIVISION ST,,300,1,,,2,ALLEY   ,0,,,0,0,0,2,,0,NONE ,7,B,ANGL-OTH  ,6,TURN    ,4,INJ,3,RAIN,2,WET ,2,DLIT,99,UNKNOWN   ,1,,,,,,,,,10,OTHR-IMP,,,,,,,0,0,0,0,9,,1,PORTLAND CITY STREET,,,,5/4/06 8:40,2,0,0,2,0,2,0,2,0,0,0,0,0,0,0,0,0,0,0,0,0,0,60313,,,05695Node60313,LEG43200,NODELEG,SE 174TH AVE,SE DIVISION ST,7693325,676606,245,26,RT,AS,MD,0,0,,,,,,,,,,,,,,,,,,,,
1183352,353,1/6/06 0:00,1,6,2006,6,12,12P,26,Multnomah,245,Portland SE,57,PORTLAND UA    ,17,U COLL  ,0,,,,,,,,,,,,,,,,,,,,,1055,HOLGATE BLVD,,5130, 130TH AVE,,0,9,,,1,INTER   ,0,3,3-LEG  ,0,0,0,,0,,,3,E,S-1STOP   ,3,REAR    ,4,INJ,3,RAIN,2,WET ,1,DAY ,99,UNKNOWN   ,1,,,,,,,,,7,TOO-CLOS,,,,,,,0,0,0,0,9,,1,PORTLAND CITY STREET,,,,5/4/06 8:40,2,0,0,1,0,1,0,2,0,0,0,0,0,0,0,0,0,0,0,0,0,0,65153,,,05034Node65153,05034Node65153,INTERSEC,SE HOLGATE BLVD,SE 130TH AVE,7681558,671155,245,26,RT,AI,IC,0,0,,,,,,,,,,,,,,,,,,,,
1183354,357,1/6/06 0:00,1,6,2006,6,16,4P ,26,Multnomah,247,Portland SW,57,PORTLAND UA    ,12,U FWY/XP,1,47,  ,SUNSET,1,1,CP,0,R,,,,,,,,,,,,,2950,SUNSET HY,,9561,EB EF SUNSET EB,,,7,73.529999,,9,TUNNEL  ,0,,,0,0,0,3,,0,NONE ,3,E,S-1STOP   ,3,REAR    ,4,INJ,3,RAIN,2,WET ,5,DUSK,99,UNKNOWN   ,1,,,,,,,,,27,INATTENT,7,TOO-CLOS,,,,,0,0,0,0,9,,2,PORTLAND HWY SYSTEM,,,,5/4/06 8:40,2,0,0,1,0,1,0,1,0,0,0,0,0,0,0,0,0,0,0,0,0,0,,,,06170NODE54588,LEG3524,NODELEG,SW SUNSET HWY,SW SUNSET HWY-I405 FWY RAMP,7639837,681599,247,26,RT,AI,MP,0,1,,,,,,,,,,,,,,,,,,,,
1183361,365,1/6/06 0:00,1,6,2006,6,17,5P ,26,Multnomah,243,Portland NE,57,PORTLAND UA    ,14,U PR-ART,1,,,,,,,,,,,,,,,,,,,,,472,COLUMBIA BLVD,,5033,  33RD AVE,,0,9,,,1,INTER   ,0,4,4-LEG  ,0,0,0,,0,,,4,B,ANGL-OTH  ,1,ANGL    ,5,PDO,3,RAIN,2,WET ,2,DLIT,99,UNKNOWN   ,1,,,,,,,,,2,NO-YIELD,,,,,,,0,0,0,0,9,,1,PORTLAND CITY STREET,,,,5/4/06 8:40,2,0,0,0,0,0,0,2,0,0,0,0,0,0,0,0,0,0,0,0,0,0,35936,,,03193NODE35936,03193NODE35936,INTERSEC,NE COLUMBIA BLVD,NE 33RD AVE,7656319,702534,243,26,RT,AI,IC,0,0,,,,,,,,,,,,,,,,,,,,
1183035,222,1/10/06 0:00,1,10,2006,3,10,10A,26,Multnomah,245,Portland SE,57,PORTLAND UA    ,19,U LOCAL ,0,,,,,,,,,,,,,,,,,,,,,2401,UMATILLA ST,,5013,  13TH AVE,,0,9,,,1,INTER   ,0,1,CROSS  ,0,0,0,,0,,,3,B,ANGL-OTH  ,1,ANGL    ,5,PDO,3,RAIN,2,WET ,1,DAY ,4,STOP SIGN ,1,3,CITY  ,82,VEH HID   ,,,,,2,NO-YIELD,,,,,,,0,0,0,0,9,,1,PORTLAND CITY STREET,,,,5/1/06 11:30,2,0,0,0,0,0,0,3,0,0,0,0,0,0,0,0,0,0,0,0,0,0,72996,,,02749Node72996,02749Node72996,INTERSEC,SE UMATILLA ST,SE 13TH AVE,7649773,662219,245,26,RT,AI,IC,0,0,,,,,,,,,,,,,,,,,,,,
1183044,236,1/10/06 0:00,1,10,2006,3,16,4P ,26,Multnomah,245,Portland SE,57,PORTLAND UA    ,16,U MN-ART,0,,,,,,,,,,,,,,,,,,,,,5052,  52ND AVE,,827,FRANCIS ST,,75,5,,,3,STRGHT  ,1,,,0,0,0,2,,0,NONE ,8,2,PRKD MV   ,5,SS-O    ,5,PDO,3,RAIN,2,WET ,5,DUSK,99,UNKNOWN   ,1,,,,,,,,,10,OTHR-IMP,,,,,,,0,0,0,0,9,,1,PORTLAND CITY STREET,,,,5/1/06 11:30,2,0,0,0,0,0,0,1,0,0,0,0,0,0,0,0,0,0,0,0,0,0,62982,,,02782Node62982,LEG46587,NODELEG,SE 52ND AVE,SE FRANCIS ST,7661352,673396,245,26,RT,AS,MD,0,0,,,,,,,,,,,,,,,,,,,,
1183046,238,1/10/06 0:00,1,10,2006,3,13,1P ,26,Multnomah,245,Portland SE,57,PORTLAND UA    ,19,U LOCAL ,0,,,,,,,,,,,,,,,,,,,,,1403,LAFAYETTE ST,,5084,  84TH AVE,,0,9,,,1,INTER   ,0,1,CROSS  ,0,0,0,,0,,,4,B,ANGL-OTH  ,1,ANGL    ,4,INJ,3,RAIN,2,WET ,1,DAY ,4,STOP SIGN ,1,5,NO RPT,53,POLE UTL  ,,,,,3,PAS-STOP,,,,,,,0,0,0,0,9,,1,PORTLAND CITY STREET,,,,5/1/06 11:30,2,0,0,0,1,1,0,1,0,0,0,0,0,0,0,0,0,0,0,0,0,0,62650,,,03585Node62650,03585Node62650,INTERSEC,SE LAFAYETTE ST,SE 84TH AVE,7669742,673835,245,26,RT,AI,IC,0,0,,,,,,,,,,,,,,,,,,,,
1183051,163,1/9/06 0:00,1,9,2006,2,16,4P ,26,Multnomah,243,Portland NE,57,PORTLAND UA    ,12,U FWY/XP,0,,,,,,,,,,,,,,,,,,,,,472,COLUMBIA BLVD,,1311,KILLINGSWORTH ST,,100,8,,,3,STRGHT  ,0,,,0,0,0,4,,0,NONE ,8,E,S-1STOP   ,3,REAR    ,4,INJ,3,RAIN,2,WET ,1,DAY ,99,UNKNOWN   ,1,,,,,,,,,7,TOO-CLOS,,,,,,,0,0,0,0,9,,1,PORTLAND CITY STREET,,,,5/1/06 11:30,2,0,0,0,1,1,0,1,0,0,0,0,0,0,0,0,0,0,0,0,0,0,38049,,,04368Node38107,LEG26212,NODELEG,NE COLUMBIA BLVD,NE KILLINGSWORTH ST,7672553,697967,243,26,RT,RT,MD,0,0,,,,,,,,,,,,,,,,,,,,
1183053,167,1/9/06 0:00,1,9,2006,2,15,3P ,26,Multnomah,243,Portland NE,57,PORTLAND UA    ,12,U FWY/XP,0,,,,,,,,,,,,,,,,,,,,,922,GLISAN ST,,5090,  90TH AVE,,0,3,,,1,INTER   ,0,1,CROSS  ,0,0,0,,0,,,6,B,ANGL-OTH  ,6,TURN    ,5,PDO,3,RAIN,2,WET ,1,DAY ,4,STOP SIGN ,1,,,,,,,,,8,IMP-TURN,,,,,1,,0,0,0,0,9,,1,PORTLAND CITY STREET,,,,5/1/06 11:30,2,0,0,0,0,0,0,2,0,0,0,0,0,0,0,0,0,0,0,0,0,0,50166,,,02929Node50166,LEG28095,NODELEG,NE GLISAN ST,NE 90TH AVE,7671386,684803,243,26,RT,AI,NL,0,0,,,,,,,,,,,,,,,,,,,,
1183060,181,1/9/06 0:00,1,9,2006,2,14,2P ,26,Multnomah,243,Portland NE,57,PORTLAND UA    ,12,U FWY/XP,0,,,,,,,,,,,,,,,,,,,,,1005,HALSEY ST,,5162, 162ND AVE,,100,7,,,3,STRGHT  ,0,,,0,0,0,4,,0,NONE ,7,C,S-STRGHT  ,3,REAR    ,5,PDO,3,RAIN,2,WET ,1,DAY ,99,UNKNOWN   ,1,,,,,,,,,7,TOO-CLOS,,,,,,,0,0,0,1,9,,1,PORTLAND CITY STREET,,,,5/1/06 11:30,2,0,0,0,0,0,0,2,0,0,0,0,0,0,0,0,0,0,0,0,0,0,46984,,,05108Node46984,LEG79170,NODELEG,NE HALSEY ST,NE 162ND AVE,7690642,687173,243,26,RT,AI,MD,0,0,,,,,,,,,,,,,,,,,,,,
1183062,185,1/9/06 0:00,1,9,2006,2,13,1P ,26,Multnomah,243,Portland NE,57,PORTLAND UA    ,19,U LOCAL ,0,,,,,,,,,,,,,,,,,,,,,5106, 106TH AVE,,1005,HALSEY ST,,100,1,,,2,ALLEY   ,0,,,0,0,0,2,,0,NONE ,7,B,ANGL-OTH  ,6,TURN    ,5,PDO,3,RAIN,2,WET ,1,DAY ,99,UNKNOWN   ,1,,,,,,,,,2,NO-YIELD,,,,,,,0,0,0,0,9,,1,PORTLAND CITY STREET,,,,5/1/06 11:30,2,0,0,0,0,0,0,2,0,0,0,0,0,0,0,0,0,0,0,0,0,0,46849,,,03638Node46849,LEG16337,NODELEG,NE 106TH AVE,NE HALSEY ST,7675941,687393,243,26,RT,AI,MD,0,0,,,,,,,,,,,,,,,,,,,,
1183069,244,1/10/06 0:00,1,10,2006,3,17,5P ,26,Multnomah,247,Portland SW,57,PORTLAND UA    ,11,U INTRST,1,1,  ,PACIFIC,2,0,MN,0,R,,,,,,,,,,,,,306,PACIFIC HWY I-5,,9785,,,,5,298.5,,3,STRGHT  ,0,,,0,0,0,6,,1,RSDMD,3,E,S-1STOP   ,3,REAR    ,4,INJ,3,RAIN,2,WET ,2,DLIT,99,UNKNOWN   ,1,5,NO RPT,,,,,,,7,TOO-CLOS,,,,,,,0,0,0,0,9,,2,PORTLAND HWY SYSTEM,,,,5/2/06 8:13,2,0,0,1,0,1,0,1,0,0,0,0,0,0,0,0,0,0,0,0,0,0,,,,,,,SW I5 FWY,,,,247,26,,,,0,0,,,,,,,,,,,,,,,,,,,,
1183071,246,1/10/06 0:00,1,10,2006,3,7,7A ,26,Multnomah,245,Portland SE,57,PORTLAND UA    ,14,U PR-ART,0,26,  ,MT. HOOD,1,0,MN,0,R,,,,,,,,,,,,,1940,POWELL BLVD,,5122, 122ND,,,3,7.2199998,,1,INTER   ,0,1,CROSS  ,0,0,0,,0,,,6,E,S-1STOP   ,3,REAR    ,5,PDO,3,RAIN,2,WET ,4,DAWN,1,TRF SIGNAL,1,,,,,,,,,7,TOO-CLOS,,,,,,,0,0,0,0,9,,2,PORTLAND HWY SYSTEM,,,,5/2/06 8:13,2,0,0,0,0,0,0,3,0,0,0,0,0,0,0,0,0,0,0,0,0,0,62575,,,04570Node62575,LEG59461,NODELEG,SE POWELL BLVD,SE 122ND AVE,7679772,673917,245,26,RT,AS,HN,0,0,,,,,,,,,,,,,,,,,,,,
1183076,322,1/7/06 0:00,1,7,2006,7,2,2A ,26,Multnomah,242,Portland N,57,PORTLAND UA    ,16,U MN-ART,1,,,,,,,,,,,,,,,,,,,,,925,GOING ST,,1537,MARYLAND AVE,,0,9,,35,1,INTER   ,0,1,CROSS  ,0,0,0,,0,,,4,B,ANGL-OTH  ,6,TURN    ,4,INJ,3,RAIN,2,WET ,2,DLIT,6,REG-SIGN  ,1,3,CITY  ,,,,,,,8,IMP-TURN,2,NO-YIELD,,,1,,0,0,0,1,9,,1,PORTLAND CITY STREET,,,,5/2/06 8:13,2,0,0,0,1,1,0,1,0,0,0,0,0,0,0,0,0,0,0,0,0,0,38903,,,01719Node38903,01719Node38903,INTERSEC,N GOING ST,N MARYLAND AVE,7643485,696387,242,26,RT,AI,IC,0,0,,,,,,,,,,,,,,,,,,,,
1183310,276,1/5/06 0:00,1,5,2006,5,21,9P ,26,Multnomah,243,Portland NE,57,PORTLAND UA    ,19,U LOCAL ,0,,,,,,,,,,,,,,,,,,,,,1061,HOLMAN ST,,5025,  25TH AVE,,0,9,,,1,INTER   ,0,1,CROSS  ,0,0,0,,0,,,1,B,ANGL-OTH  ,1,ANGL    ,4,INJ,3,RAIN,2,WET ,2,DLIT,99,UNKNOWN   ,1,,,82,VEH HID   ,,,,,2,NO-YIELD,,,,,,,0,0,0,0,9,,1,PORTLAND CITY STREET,,,,5/4/06 8:40,2,0,0,0,1,1,0,1,0,0,0,0,0,0,0,0,0,0,0,0,0,0,36777,,,02772Node36777,02772Node36777,INTERSEC,NE HOLMAN ST,NE 25TH AVE,7654052,700519,243,26,RT,AI,IC,0,0,,,,,,,,,,,,,,,,,,,,
1183319,288,1/5/06 0:00,1,5,2006,5,11,11A,26,Multnomah,243,Portland NE,57,PORTLAND UA    ,14,U PR-ART,1,64,  ,EAST PORTLAND FREEWAY,2,6,CN,0,R,3,,,,,,,,,,,,171,AIRPORT WAY,,9763,SB EX AIRPORT WY,,,9,25.34,,1,INTER   ,0,1,CROSS  ,0,0,0,,0,,,3,C,S-STRGHT  ,3,REAR    ,4,INJ,1,CLR ,1,DRY ,1,DAY ,1,TRF SIGNAL,1,,,,,,,,,7,TOO-CLOS,,,,,,,0,0,0,0,9,,2,PORTLAND HWY SYSTEM,,,,5/4/06 8:40,2,0,0,0,1,1,0,1,0,0,0,0,0,0,0,0,0,0,0,0,0,0,36488,,,05131NODE36488,05131NODE36488,INTERSEC,NE AIRPORT WAY,NE I205 FWY-AIRPORT WAY RAMP,7676891,701255,243,26,RT,AI,IC,0,0,,,,,,,,,,,,,,,,,,,,
1183321,290,1/5/06 0:00,1,5,2006,5,17,5P ,26,Multnomah,247,Portland SW,57,PORTLAND UA    ,11,U INTRST,1,61,  ,STADIUM FREEWAY,1,0,MN,0,R,,,,,,,,,,,,,323,STADIUM FY,,9554,WB EX 6TH AVE,,,4,0.94,,3,STRGHT  ,0,,,0,0,0,6,,1,RSDMD,3,C,S-STRGHT  ,5,SS-O    ,5,PDO,3,RAIN,2,WET ,2,DLIT,99,UNKNOWN   ,1,,,,,,,,,6,IMP-OVER,,,,,,,0,0,0,0,9,,2,PORTLAND HWY SYSTEM,,,,5/4/06 8:40,2,0,0,0,0,0,0,2,0,0,0,0,0,0,0,0,0,0,0,0,0,0,,,,06249NODE57900,LEG1358,NODELEG,SW I405 FWY,SW I405 FWY-6TH AVE RAMP,7642612,678441,247,26,RT,AI,HN,0,0,,,,,,,,,,,,,,,,,,,,
1183006,251,1/10/06 0:00,1,10,2006,3,18,6P ,26,Multnomah,243,Portland NE,57,PORTLAND UA    ,17,U COLL  ,0,,,,,,,,,,,,,,,,,,,,,5009,   9TH AVE,,1429,LLOYD BLVD,,20,1,,,3,STRGHT  ,0,,,0,0,0,4,,0,NONE ,6,C,S-STRGHT  ,5,SS-O    ,5,PDO,3,RAIN,2,WET ,2,DLIT,99,UNKNOWN   ,1,,,,,,,,,13,IMP LN C,,,,,,,0,0,0,0,9,,1,PORTLAND CITY STREET,,,,5/1/06 11:30,2,0,0,0,0,0,0,2,0,0,0,0,0,0,0,0,0,0,0,0,0,0,48309,,,00880Node48309,LEG24441,NODELEG,NE 9TH AVE,NE LLOYD BLVD,7649508,686155,243,26,RT,AI,MD,0,0,,,,,,,,,,,,,,,,,,,,
1183007,252,1/10/06 0:00,1,10,2006,3,17,5P ,26,Multnomah,245,Portland SE,57,PORTLAND UA    ,16,U MN-ART,0,,,,,,,,,,,,,,,,,,,,,2301,TACOMA ST,,5023,  23RD AVE,,0,9,,,1,INTER   ,0,3,3-LEG  ,0,0,0,,0,,,3,D,S-1TURN   ,6,TURN    ,5,PDO,3,RAIN,2,WET ,2,DLIT,99,UNKNOWN   ,1,,,,,,,,,6,IMP-OVER,,,,,,,0,0,0,0,9,,1,PORTLAND CITY STREET,,,,5/1/06 11:30,2,0,0,0,0,0,0,2,0,0,0,0,0,0,0,0,0,0,0,0,0,0,72657,,,03002Node72657,03002Node72657,INTERSEC,SE TACOMA ST,SE 23RD AVE,7652727,662649,245,26,RT,AI,IC,0,0,,,,,,,,,,,,,,,,,,,,
1183008,253,1/10/06 0:00,1,10,2006,3,10,10A,26,Multnomah,245,Portland SE,57,PORTLAND UA    ,17,U COLL  ,0,,,,,,,,,,,,,,,,,,,,,2259,STARK ST,,5006,   6TH AVE,,0,9,,,1,INTER   ,0,1,CROSS  ,0,0,0,,0,,,2,B,ANGL-OTH  ,6,TURN    ,5,PDO,3,RAIN,2,WET ,1,DAY ,4,STOP SIGN ,1,,,,,,,,,2,NO-YIELD,,,,,,,0,0,0,0,9,,1,PORTLAND CITY STREET,,,,5/1/06 11:30,2,0,0,0,0,0,0,2,0,0,0,0,0,0,0,0,0,0,0,0,0,0,52794,,,00569Node52794,00569Node52794,INTERSEC,SE STARK ST,SE 6TH AVE,7648600,682845,245,26,RT,AI,IC,0,0,,,,,,,,,,,,,,,,,,,,
1183038,226,1/10/06 0:00,1,10,2006,3,0,12A,26,Multnomah,245,Portland SE,57,PORTLAND UA    ,14,U PR-ART,0,,,,,,,,,,,,,,,,,,,,,929,GRAND AVE,,2259,STARK ST,,0,5,,30,1,INTER   ,1,1,CROSS  ,0,0,0,,0,,,5,8,FIX OBJ   ,9,FIX     ,5,PDO,3,RAIN,2,WET ,2,DLIT,15,ONE-WAY   ,1,3,CITY  ,40,CURB      ,55,TRF SGNL  ,88,FENC/BLD  ,8,IMP-TURN,,,,,,,0,0,0,0,9,"Over 200,000",1,PORTLAND CITY STREET,,,,4/18/07 8:03,1,0,0,0,0,0,0,1,0,0,0,0,0,0,0,0,0,0,0,0,0,0,52784,,,00543Node52784,LEG54459,NODELEG,SE GRAND AVE,SE STARK ST,7648339,682804,245,26,RT,AS,NL,0,0,,,,,,,,,,,,,,,,,,,,
1183039,227,1/10/06 0:00,1,10,2006,3,17,5P ,26,Multnomah,247,Portland SW,57,PORTLAND UA    ,19,U LOCAL ,1,1,  ,PACIFIC,1,6,CN,0,R,1,,,,,,,,,,,,9491,NB EF MACADAM AV,,9492,NB EX MARQUAM BR,,,9,299.89999,,1,INTER   ,0,3,3-LEG  ,0,0,0,,0,,,2,E,S-1STOP   ,3,REAR    ,5,PDO,3,RAIN,2,WET ,2,DLIT,99,UNKNOWN   ,1,3,CITY  ,,,,,,,2,NO-YIELD,7,TOO-CLOS,,,,,0,0,0,0,9,,2,PORTLAND HWY SYSTEM,,,,5/1/06 11:30,2,0,0,0,0,0,0,2,0,0,0,0,0,0,0,0,0,0,0,0,0,0,,,,06275NODE60870,06275NODE60870,INTERSEC,SW MACADAM AVE-I5 FWY RAMP,NB EX MARQUAM BR,7645057,675710,247,26,RT,AI,IC,0,0,,,,,,,,,,,,,,,,,,,,
1183040,228,1/10/06 0:00,1,10,2006,3,19,7P ,26,Multnomah,247,Portland SW,57,PORTLAND UA    ,17,U COLL  ,0,,,,,,,,,,,,,,,,,,,,,2317,TERWILLIGER BLVD,,1008,HAMILTON ST,,200,7,,,5,CURVE   ,0,,,0,0,0,2,,0,NONE ,8,G,O-STRGHT  ,2,HEAD    ,4,INJ,3,RAIN,2,WET ,3,DARK,99,UNKNOWN   ,1,5,NO RPT,,,,,,,1,TOO-FAST,10,OTHR-IMP,,,,,0,0,0,0,9,,1,PORTLAND CITY STREET,,,,5/1/06 11:30,2,0,0,1,0,1,0,1,0,0,0,0,0,0,0,0,0,0,0,0,0,0,63562,,,06859Node63562,LEG74997,NODELEG,SW TERWILLIGER BLVD,SW HAMILTON ST,7641874,672975,247,26,RT,AI,MD,0,0,,,,,,,,,,,,,,,,,,,,
1183041,231,1/10/06 0:00,1,10,2006,3,16,4P ,26,Multnomah,243,Portland NE,57,PORTLAND UA    ,14,U PR-ART,0,,,,,,,,,,,,,,,,,,,,,922,GLISAN ST,,5060,  60ST AVE,,0,7,,30,1,INTER   ,0,1,CROSS  ,0,0,0,,0,,,6,E,S-1STOP   ,3,REAR    ,5,PDO,3,RAIN,2,WET ,1,DAY ,1,TRF SIGNAL,1,3,CITY  ,,,,,,,7,TOO-CLOS,,,,,,,0,0,0,1,9,,1,PORTLAND CITY STREET,,,,5/1/06 11:30,2,0,0,0,0,0,0,2,0,0,0,0,0,0,0,0,0,0,0,0,0,0,49823,,,02159Node49823,LEG27988,NODELEG,NE GLISAN ST,NE 60TH AVE,7663340,685055,243,26,RT,AI,NL,0,0,,,,,,,,,,,,,,,,,,,,
1183042,233,1/10/06 0:00,1,10,2006,3,14,2P ,26,Multnomah,243,Portland NE,57,PORTLAND UA    ,14,U PR-ART,0,68,  ,CASCADE HWY NORTH,1,0,MN,0,R,,,,,,,,,,,,,2235,SISKIYOU ST,,5082,  82ND AVE,,,1,1.49,,1,INTER   ,0,1,CROSS  ,0,0,0,,0,,,6,E,S-1STOP   ,3,REAR    ,5,PDO,3,RAIN,2,WET ,1,DAY ,1,TRF SIGNAL,1,3,CITY  ,,,,,,,7,TOO-CLOS,,,,,9,9,0,0,0,1,9,,2,PORTLAND HWY SYSTEM,,,,5/1/06 11:30,2,0,0,0,0,0,0,3,0,0,0,0,0,0,0,0,0,0,0,0,0,0,42332,,,03418Node42332,LEG23661,NODELEG,NE SISKIYOU ST,NE 82ND AVE,7669568,691525,243,26,RT,AI,HN,0,0,,,,,,,,,,,,,,,,,,,,
1183055,171,1/9/06 0:00,1,9,2006,2,14,2P ,26,Multnomah,243,Portland NE,57,PORTLAND UA    ,19,U LOCAL ,0,,,,,,,,,,,,,,,,,,,,,2258,STANTON ST,,5047,  47TH AVE,,0,9,,,1,INTER   ,0,1,CROSS  ,0,0,0,,0,,,4,B,ANGL-OTH  ,1,ANGL    ,4,INJ,3,RAIN,2,WET ,1,DAY ,99,UNKNOWN   ,1,,,,,,,,,2,NO-YIELD,,,,,,,0,0,0,0,9,,1,PORTLAND CITY STREET,,,,5/1/06 11:30,2,0,0,0,1,1,0,2,0,0,0,0,0,0,0,0,0,0,0,0,0,0,42376,,,02493Node42376,02493Node42376,INTERSEC,NE STANTON ST,NE 47TH AVE,7660358,691427,243,26,RT,AI,IC,0,0,,,,,,,,,,,,,,,,,,,,
1183056,172,1/9/06 0:00,1,9,2006,2,15,3P ,26,Multnomah,242,Portland N,57,PORTLAND UA    ,16,U MN-ART,0,123,  ,NORTHEAST PORTLAND,1,0,MN,0,R,,,,,,,,,,,,,1432,LOMBARD ST,,2263,STOCKTON AVE,,,0,3.3699999,,3,STRGHT  ,0,,,0,0,0,2,,0,NONE ,3,E,S-1STOP   ,3,REAR    ,4,INJ,3,RAIN,2,WET ,1,DAY ,1,TRF SIGNAL,1,,,13,FORCED    ,,,,,27,INATTENT,7,TOO-CLOS,,,,,0,0,0,0,9,,2,PORTLAND HWY SYSTEM,,,,5/1/06 11:30,3,0,0,0,1,1,0,2,0,0,0,0,0,0,0,0,0,0,0,0,0,0,34382,,,03524Node34382,03524Node34382,INTERSEC,N LOMBARD ST,N STOCKTON AVE,7634422,705368,242,26,RT,AI,IC,0,0,,,,,,,,,,,,,,,,,,,,
1183058,178,1/9/06 0:00,1,9,2006,2,16,4P ,26,Multnomah,249,Portland NW,57,PORTLAND UA    ,19,U LOCAL ,0,,,,,,,,,,,,,,,,,,,,,831,NAITO/FRONT,,5061,  61ST AVE,,100,8,,,2,ALLEY   ,0,,,0,0,0,2,,0,NONE ,8,B,ANGL-OTH  ,6,TURN    ,5,PDO,1,CLR ,1,DRY ,1,DAY ,99,UNKNOWN   ,1,,,,,,,,,10,OTHR-IMP,,,,,,,0,0,0,0,9,,1,PORTLAND CITY STREET,,,,5/1/06 11:30,2,0,0,0,0,0,0,2,0,0,0,0,0,0,0,0,0,0,0,0,0,0,36429,,,03922NODE36429,LEG37233,NODELEG,NW NAITO PKWY,NW 61ST AVE,7627168,701458,249,26,RT,MM,MD,0,0,,,,,,,,,,,,,,,,,,,,
1183072,318,1/7/06 0:00,1,7,2006,7,7,7A ,26,Multnomah,243,Portland NE,57,PORTLAND UA    ,14,U PR-ART,0,,,,,,,,,,,,,,,,,,,,,267,BROADWAY ST,,929,GRAND AVE,,0,9,,30,1,INTER   ,0,1,CROSS  ,0,0,0,,0,,,2,B,ANGL-OTH  ,1,ANGL    ,5,PDO,3,RAIN,2,WET ,4,DAWN,1,TRF SIGNAL,1,3,CITY  ,,,,,,,4,DIS--RAG,,,,,,,0,0,0,0,9,,1,PORTLAND CITY STREET,,,,5/2/06 8:13,3,0,0,0,0,0,0,6,0,0,0,0,0,0,0,0,0,0,0,0,0,0,45224,,,01024Node45224,01024Node45224,INTERSEC,NE BROADWAY ,NE GRAND AVE,7648519,688575,243,26,RT,AI,IC,0,0,,,,,,,,,,,,,,,,,,,,
1183073,319,1/7/06 0:00,1,7,2006,7,16,4P ,26,Multnomah,245,Portland SE,57,PORTLAND UA    ,14,U PR-ART,0,68,  ,CASCADE HWY NORTH,1,0,MN,0,R,,,,,,,,,,,,,1940,POWELL BLVD,,5082,  82ND AVE,,,1,4.7399998,,1,INTER   ,0,1,CROSS  ,0,0,0,,0,,,6,E,S-1STOP   ,3,REAR    ,5,PDO,3,RAIN,2,WET ,5,DUSK,1,TRF SIGNAL,1,,,13,FORCED    ,,,,,7,TOO-CLOS,,,,,,,0,0,0,0,9,,2,PORTLAND HWY SYSTEM,,,,5/2/06 8:13,3,0,0,0,0,0,0,3,0,0,0,0,0,0,0,0,0,0,0,0,0,0,0,,,03479Node62228,LEG49336,NODELEG,SE POWELL BLVD,SE 82ND AVE,7669154,674372,245,26,RT,MM,MP,0,0,,,,,,,,,,,,,,,,,,,,
1182846,11,1/3/06 0:00,1,3,2006,3,8,8A ,26,Multnomah,249,Portland NW,57,PORTLAND UA    ,16,U MN-ART,0,,,,,,,,,,,,,,,,,,,,,1439,LOVEJOY ST,,5025,  25TH AVE,,0,3,,,1,INTER   ,0,1,CROSS  ,0,0,0,,0,,,6,E,S-1STOP   ,3,REAR    ,4,INJ,1,CLR ,1,DRY ,1,DAY ,1,TRF SIGNAL,1,,,13,FORCED    ,,,,,7,TOO-CLOS,,,,,,,0,0,0,0,9,,1,PORTLAND CITY STREET,,,,4/27/06 8:11,3,0,0,2,0,2,0,1,0,0,0,0,0,0,0,0,0,0,0,0,0,0,47332,,,01428Node47332,LEG37908,NODELEG,NW LOVEJOY ST,NW 25TH AVE,7637754,686915,249,26,RT,AI,NL,0,0,,,,,,,,,,,,,,,,,,,,